;000D;????;0;;
;0020;SPACE;0;;
!;0021;EXCLAMATION MARK;0;;
"""";0022;QUOTATION MARK;0;;
#;0023;NUMBER SIGN;0;;
$;0024;DOLLAR SIGN;0;;
%;0025;PERCENT SIGN;0;;
&;0026;AMPERSAND;0;;
';0027;APOSTROPHE;0;;
(;0028;LEFT PARENTHESIS;0;;
);0029;RIGHT PARENTHESIS;0;;
*;002A;ASTERISK;0;;
+;002B;PLUS SIGN;0;;
,;002C;COMMA;0;;
-;002D;HYPHEN-MINUS;0;;
.;002E;FULL STOP;0;;
/;002F;SOLIDUS;0;;
0;0030;DIGIT ZERO;0;;
1;0031;DIGIT ONE;0;;
2;0032;DIGIT TWO;0;;
3;0033;DIGIT THREE;0;;
4;0034;DIGIT FOUR;0;;
5;0035;DIGIT FIVE;0;;
6;0036;DIGIT SIX;0;;
7;0037;DIGIT SEVEN;0;;
8;0038;DIGIT EIGHT;0;;
9;0039;DIGIT NINE;0;;
:;003A;COLON;0;;
;003B;SEMICOLON;0;;
<;003C;LESS-THAN SIGN;0;;
=;003D;EQUALS SIGN;0;;
>;003E;GREATER-THAN SIGN;0;;
?;003F;QUESTION MARK;0;;
@;0040;COMMERCIAL AT;0;;
A;0041;LATIN CAPITAL LETTER A;0;;
B;0042;LATIN CAPITAL LETTER B;0;;
C;0043;LATIN CAPITAL LETTER C;0;;
D;0044;LATIN CAPITAL LETTER D;0;;
E;0045;LATIN CAPITAL LETTER E;0;;
F;0046;LATIN CAPITAL LETTER F;0;;
G;0047;LATIN CAPITAL LETTER G;0;;
H;0048;LATIN CAPITAL LETTER H;0;;
I;0049;LATIN CAPITAL LETTER I;0;;
J;004A;LATIN CAPITAL LETTER J;0;;
K;004B;LATIN CAPITAL LETTER K;0;;
L;004C;LATIN CAPITAL LETTER L;0;;
M;004D;LATIN CAPITAL LETTER M;0;;
N;004E;LATIN CAPITAL LETTER N;0;;
O;004F;LATIN CAPITAL LETTER O;0;;
P;0050;LATIN CAPITAL LETTER P;0;;
Q;0051;LATIN CAPITAL LETTER Q;0;;
R;0052;LATIN CAPITAL LETTER R;0;;
S;0053;LATIN CAPITAL LETTER S;0;;
T;0054;LATIN CAPITAL LETTER T;0;;
U;0055;LATIN CAPITAL LETTER U;0;;
V;0056;LATIN CAPITAL LETTER V;0;;
W;0057;LATIN CAPITAL LETTER W;0;;
X;0058;LATIN CAPITAL LETTER X;0;;
Y;0059;LATIN CAPITAL LETTER Y;0;;
Z;005A;LATIN CAPITAL LETTER Z;0;;
[;005B;LEFT SQUARE BRACKET;0;;
\;005C;REVERSE SOLIDUS;0;;
];005D;RIGHT SQUARE BRACKET;0;;
^;005E;CIRCUMFLEX ACCENT;0;;
_;005F;LOW LINE;0;;
`;0060;GRAVE ACCENT;0;;
a;0061;LATIN SMALL LETTER A;0;;
b;0062;LATIN SMALL LETTER B;0;;
c;0063;LATIN SMALL LETTER C;0;;
d;0064;LATIN SMALL LETTER D;0;;
e;0065;LATIN SMALL LETTER E;0;;
f;0066;LATIN SMALL LETTER F;0;;
g;0067;LATIN SMALL LETTER G;0;;
h;0068;LATIN SMALL LETTER H;0;;
i;0069;LATIN SMALL LETTER I;0;;
j;006A;LATIN SMALL LETTER J;0;;
k;006B;LATIN SMALL LETTER K;0;;
l;006C;LATIN SMALL LETTER L;0;;
m;006D;LATIN SMALL LETTER M;0;;
n;006E;LATIN SMALL LETTER N;0;;
o;006F;LATIN SMALL LETTER O;0;;
p;0070;LATIN SMALL LETTER P;0;;
q;0071;LATIN SMALL LETTER Q;0;;
r;0072;LATIN SMALL LETTER R;0;;
s;0073;LATIN SMALL LETTER S;0;;
t;0074;LATIN SMALL LETTER T;0;;
u;0075;LATIN SMALL LETTER U;0;;
v;0076;LATIN SMALL LETTER V;0;;
w;0077;LATIN SMALL LETTER W;0;;
x;0078;LATIN SMALL LETTER X;0;;
y;0079;LATIN SMALL LETTER Y;0;;
z;007A;LATIN SMALL LETTER Z;0;;
{;007B;LEFT CURLY BRACKET;0;;
|;007C;VERTICAL LINE;0;;
};007D;RIGHT CURLY BRACKET;0;;
~;007E;TILDE;0;;
;00A0;NO-BREAK SPACE;0;;
¡;00A1;INVERTED EXCLAMATION MARK;0;;
¢;00A2;CENT SIGN;0;;
£;00A3;POUND SIGN;0;;
¤;00A4;CURRENCY SIGN;0;;
¥;00A5;YEN SIGN;0;;
¦;00A6;BROKEN BAR;0;;
§;00A7;SECTION SIGN;0;;
¨;00A8;DIAERESIS;0;;
©;00A9;COPYRIGHT SIGN;0;;
ª;00AA;FEMININE ORDINAL INDICATOR;0;;
«;00AB;LEFT-POINTING DOUBLE ANGLE QUOTATION MARK;0;;
¬;00AC;NOT SIGN;0;;
­;00AD;SOFT HYPHEN;0;;
®;00AE;REGISTERED SIGN;0;;
¯;00AF;MACRON;0;;
°;00B0;DEGREE SIGN;0;;
±;00B1;PLUS-MINUS SIGN;0;;
²;00B2;SUPERSCRIPT TWO;0;;
³;00B3;SUPERSCRIPT THREE;0;;
´;00B4;ACUTE ACCENT;0;;
µ;00B5;MICRO SIGN;0;;
¶;00B6;PILCROW SIGN;0;;
·;00B7;MIDDLE DOT;0;;
¸;00B8;CEDILLA;0;;
¹;00B9;SUPERSCRIPT ONE;0;;
º;00BA;MASCULINE ORDINAL INDICATOR;0;;
»;00BB;RIGHT-POINTING DOUBLE ANGLE QUOTATION MARK;0;;
¼;00BC;VULGAR FRACTION ONE QUARTER;0;;
½;00BD;VULGAR FRACTION ONE HALF;0;;
¾;00BE;VULGAR FRACTION THREE QUARTERS;0;;
¿;00BF;INVERTED QUESTION MARK;0;;
À;00C0;LATIN CAPITAL LETTER A WITH GRAVE;0;;
Á;00C1;LATIN CAPITAL LETTER A WITH ACUTE;0;;
Â;00C2;LATIN CAPITAL LETTER A WITH CIRCUMFLEX;0;;
Ã;00C3;LATIN CAPITAL LETTER A WITH TILDE;0;;
Ä;00C4;LATIN CAPITAL LETTER A WITH DIAERESIS;0;;
Å;00C5;LATIN CAPITAL LETTER A WITH RING ABOVE;0;;
Æ;00C6;LATIN CAPITAL LETTER AE;0;;
Ç;00C7;LATIN CAPITAL LETTER C WITH CEDILLA;0;;
È;00C8;LATIN CAPITAL LETTER E WITH GRAVE;0;;
É;00C9;LATIN CAPITAL LETTER E WITH ACUTE;0;;
Ê;00CA;LATIN CAPITAL LETTER E WITH CIRCUMFLEX;0;;
Ë;00CB;LATIN CAPITAL LETTER E WITH DIAERESIS;0;;
Ì;00CC;LATIN CAPITAL LETTER I WITH GRAVE;0;;
Í;00CD;LATIN CAPITAL LETTER I WITH ACUTE;0;;
Î;00CE;LATIN CAPITAL LETTER I WITH CIRCUMFLEX;0;;
Ï;00CF;LATIN CAPITAL LETTER I WITH DIAERESIS;0;;
Ð;00D0;LATIN CAPITAL LETTER ETH;0;;
Ñ;00D1;LATIN CAPITAL LETTER N WITH TILDE;0;;
Ò;00D2;LATIN CAPITAL LETTER O WITH GRAVE;0;;
Ó;00D3;LATIN CAPITAL LETTER O WITH ACUTE;0;;
Ô;00D4;LATIN CAPITAL LETTER O WITH CIRCUMFLEX;0;;
Õ;00D5;LATIN CAPITAL LETTER O WITH TILDE;0;;
Ö;00D6;LATIN CAPITAL LETTER O WITH DIAERESIS;0;;
×;00D7;MULTIPLICATION SIGN;0;;
Ø;00D8;LATIN CAPITAL LETTER O WITH STROKE;0;;
Ù;00D9;LATIN CAPITAL LETTER U WITH GRAVE;0;;
Ú;00DA;LATIN CAPITAL LETTER U WITH ACUTE;0;;
Û;00DB;LATIN CAPITAL LETTER U WITH CIRCUMFLEX;0;;
Ü;00DC;LATIN CAPITAL LETTER U WITH DIAERESIS;0;;
Ý;00DD;LATIN CAPITAL LETTER Y WITH ACUTE;0;;
Þ;00DE;LATIN CAPITAL LETTER THORN;0;;
ß;00DF;LATIN SMALL LETTER SHARP S;0;;
à;00E0;LATIN SMALL LETTER A WITH GRAVE;0;;
á;00E1;LATIN SMALL LETTER A WITH ACUTE;0;;
â;00E2;LATIN SMALL LETTER A WITH CIRCUMFLEX;0;;
ã;00E3;LATIN SMALL LETTER A WITH TILDE;0;;
ä;00E4;LATIN SMALL LETTER A WITH DIAERESIS;0;;
å;00E5;LATIN SMALL LETTER A WITH RING ABOVE;0;;
æ;00E6;LATIN SMALL LETTER AE;0;;
ç;00E7;LATIN SMALL LETTER C WITH CEDILLA;0;;
è;00E8;LATIN SMALL LETTER E WITH GRAVE;0;;
é;00E9;LATIN SMALL LETTER E WITH ACUTE;0;;
ê;00EA;LATIN SMALL LETTER E WITH CIRCUMFLEX;0;;
ë;00EB;LATIN SMALL LETTER E WITH DIAERESIS;0;;
ì;00EC;LATIN SMALL LETTER I WITH GRAVE;0;;
í;00ED;LATIN SMALL LETTER I WITH ACUTE;0;;
î;00EE;LATIN SMALL LETTER I WITH CIRCUMFLEX;0;;
ï;00EF;LATIN SMALL LETTER I WITH DIAERESIS;0;;
ð;00F0;LATIN SMALL LETTER ETH;0;;
ñ;00F1;LATIN SMALL LETTER N WITH TILDE;0;;
ò;00F2;LATIN SMALL LETTER O WITH GRAVE;0;;
ó;00F3;LATIN SMALL LETTER O WITH ACUTE;0;;
ô;00F4;LATIN SMALL LETTER O WITH CIRCUMFLEX;0;;
õ;00F5;LATIN SMALL LETTER O WITH TILDE;0;;
ö;00F6;LATIN SMALL LETTER O WITH DIAERESIS;0;;
÷;00F7;DIVISION SIGN;0;;
ù;00F9;LATIN SMALL LETTER U WITH GRAVE;0;;
ú;00FA;LATIN SMALL LETTER U WITH ACUTE;0;;
û;00FB;LATIN SMALL LETTER U WITH CIRCUMFLEX;0;;
ü;00FC;LATIN SMALL LETTER U WITH DIAERESIS;0;;
ý;00FD;LATIN SMALL LETTER Y WITH ACUTE;0;;
þ;00FE;LATIN SMALL LETTER THORN;0;;
ÿ;00FF;LATIN SMALL LETTER Y WITH DIAERESIS;0;;
ı;0131;LATIN SMALL LETTER DOTLESS I;0;;
Ł;0141;LATIN CAPITAL LETTER L WITH STROKE;0;;
ł;0142;LATIN SMALL LETTER L WITH STROKE;0;;
Œ;0152;LATIN CAPITAL LIGATURE OE;0;;
œ;0153;LATIN SMALL LIGATURE OE;0;;
Š;0160;LATIN CAPITAL LETTER S WITH CARON;0;;
š;0161;LATIN SMALL LETTER S WITH CARON;0;;
Ÿ;0178;LATIN CAPITAL LETTER Y WITH DIAERESIS;0;;
Ž;017D;LATIN CAPITAL LETTER Z WITH CARON;0;;
ž;017E;LATIN SMALL LETTER Z WITH CARON;0;;
ƒ;0192;LATIN SMALL LETTER F WITH HOOK;0;;
ˆ;02C6;MODIFIER LETTER CIRCUMFLEX ACCENT;0;;
ˇ;02C7;CARON;0;;
ˉ;02C9;MODIFIER LETTER MACRON;0;;
˚;02DA;RING ABOVE;0;;
˜;02DC;SMALL TILDE;0;;
 ;2002;EN SPACE;0;;
 ;2003;EM SPACE;0;;
 ;2005;FOUR-PER-EM SPACE;0;;
–;2013;EN DASH;0;;
—;2014;EM DASH;0;;
‘;2018;LEFT SINGLE QUOTATION MARK;0;;
’;2019;RIGHT SINGLE QUOTATION MARK;0;;
‚;201A;SINGLE LOW-9 QUOTATION MARK;0;;
“;201C;LEFT DOUBLE QUOTATION MARK;0;;
”;201D;RIGHT DOUBLE QUOTATION MARK;0;;
„;201E;DOUBLE LOW-9 QUOTATION MARK;0;;
†;2020;DAGGER;0;;
‡;2021;DOUBLE DAGGER;0;;
•;2022;BULLET;0;;
…;2026;HORIZONTAL ELLIPSIS;0;;
‰;2030;PER MILLE SIGN;0;;
‹;2039;SINGLE LEFT-POINTING ANGLE QUOTATION MARK;0;;
›;203A;SINGLE RIGHT-POINTING ANGLE QUOTATION MARK;0;;
‼;203C;DOUBLE EXCLAMATION MARK;1;Symbols;
⁄;2044;FRACTION SLASH;0;;
⁉;2049;EXCLAMATION QUESTION MARK;1;Symbols;
€;20AC;EURO SIGN;0;;
⃣;20E3;COMBINING ENCLOSING KEYCAP;0;;
™;2122;TRADE MARK SIGN;1;Symbols;
Ω;2126;OHM SIGN;0;;
ℹ;2139;INFORMATION SOURCE;1;Symbols;
←;2190;LEFTWARDS ARROW;0;;
↑;2191;UPWARDS ARROW;0;;
→;2192;RIGHTWARDS ARROW;0;;
↓;2193;DOWNWARDS ARROW;0;;
↔;2194;LEFT RIGHT ARROW;1;Symbols;
↕;2195;UP DOWN ARROW;1;Symbols;
↖;2196;NORTH WEST ARROW;1;Symbols;
↗;2197;NORTH EAST ARROW;1;Symbols;
↘;2198;SOUTH EAST ARROW;1;Symbols;
↙;2199;SOUTH WEST ARROW;1;Symbols;
↚;219A;LEFTWARDS ARROW WITH STROKE;0;;
↛;219B;RIGHTWARDS ARROW WITH STROKE;0;;
↜;219C;LEFTWARDS WAVE ARROW;0;;
↝;219D;RIGHTWARDS WAVE ARROW;0;;
↞;219E;LEFTWARDS TWO HEADED ARROW;0;;
↟;219F;UPWARDS TWO HEADED ARROW;0;;
↠;21A0;RIGHTWARDS TWO HEADED ARROW;0;;
↡;21A1;DOWNWARDS TWO HEADED ARROW;0;;
↢;21A2;LEFTWARDS ARROW WITH TAIL;0;;
↣;21A3;RIGHTWARDS ARROW WITH TAIL;0;;
↤;21A4;LEFTWARDS ARROW FROM BAR;0;;
↥;21A5;UPWARDS ARROW FROM BAR;0;;
↦;21A6;RIGHTWARDS ARROW FROM BAR;0;;
↧;21A7;DOWNWARDS ARROW FROM BAR;0;;
↨;21A8;UP DOWN ARROW WITH BASE;0;;
↩;21A9;LEFTWARDS ARROW WITH HOOK;1;Symbols;
↪;21AA;RIGHTWARDS ARROW WITH HOOK;1;Symbols;
↫;21AB;LEFTWARDS ARROW WITH LOOP;0;;
↬;21AC;RIGHTWARDS ARROW WITH LOOP;0;;
↭;21AD;LEFT RIGHT WAVE ARROW;0;;
↮;21AE;LEFT RIGHT ARROW WITH STROKE;0;;
↯;21AF;DOWNWARDS ZIGZAG ARROW;0;;
↰;21B0;UPWARDS ARROW WITH TIP LEFTWARDS;0;;
↱;21B1;UPWARDS ARROW WITH TIP RIGHTWARDS;0;;
↲;21B2;DOWNWARDS ARROW WITH TIP LEFTWARDS;0;;
↳;21B3;DOWNWARDS ARROW WITH TIP RIGHTWARDS;0;;
↴;21B4;RIGHTWARDS ARROW WITH CORNER DOWNWARDS;0;;
↵;21B5;DOWNWARDS ARROW WITH CORNER LEFTWARDS;0;;
↶;21B6;ANTICLOCKWISE TOP SEMICIRCLE ARROW;0;;
↷;21B7;CLOCKWISE TOP SEMICIRCLE ARROW;0;;
↸;21B8;NORTH WEST ARROW TO LONG BAR;0;;
↹;21B9;LEFTWARDS ARROW TO BAR OVER RIGHTWARDS ARROW TO BAR;0;;
↺;21BA;ANTICLOCKWISE OPEN CIRCLE ARROW;0;;
↻;21BB;CLOCKWISE OPEN CIRCLE ARROW;0;;
↼;21BC;LEFTWARDS HARPOON WITH BARB UPWARDS;0;;
↽;21BD;LEFTWARDS HARPOON WITH BARB DOWNWARDS;0;;
↾;21BE;UPWARDS HARPOON WITH BARB RIGHTWARDS;0;;
↿;21BF;UPWARDS HARPOON WITH BARB LEFTWARDS;0;;
⇀;21C0;RIGHTWARDS HARPOON WITH BARB UPWARDS;0;;
⇁;21C1;RIGHTWARDS HARPOON WITH BARB DOWNWARDS;0;;
⇂;21C2;DOWNWARDS HARPOON WITH BARB RIGHTWARDS;0;;
⇃;21C3;DOWNWARDS HARPOON WITH BARB LEFTWARDS;0;;
⇄;21C4;RIGHTWARDS ARROW OVER LEFTWARDS ARROW;0;;
⇅;21C5;UPWARDS ARROW LEFTWARDS OF DOWNWARDS ARROW;0;;
⇆;21C6;LEFTWARDS ARROW OVER RIGHTWARDS ARROW;0;;
⇇;21C7;LEFTWARDS PAIRED ARROWS;0;;
⇈;21C8;UPWARDS PAIRED ARROWS;0;;
⇉;21C9;RIGHTWARDS PAIRED ARROWS;0;;
⇊;21CA;DOWNWARDS PAIRED ARROWS;0;;
⇋;21CB;LEFTWARDS HARPOON OVER RIGHTWARDS HARPOON;0;;
⇌;21CC;RIGHTWARDS HARPOON OVER LEFTWARDS HARPOON;0;;
⇍;21CD;LEFTWARDS DOUBLE ARROW WITH STROKE;0;;
⇎;21CE;LEFT RIGHT DOUBLE ARROW WITH STROKE;0;;
⇏;21CF;RIGHTWARDS DOUBLE ARROW WITH STROKE;0;;
⇐;21D0;LEFTWARDS DOUBLE ARROW;0;;
⇑;21D1;UPWARDS DOUBLE ARROW;0;;
⇒;21D2;RIGHTWARDS DOUBLE ARROW;0;;
⇓;21D3;DOWNWARDS DOUBLE ARROW;0;;
⇔;21D4;LEFT RIGHT DOUBLE ARROW;0;;
⇕;21D5;UP DOWN DOUBLE ARROW;0;;
⇖;21D6;NORTH WEST DOUBLE ARROW;0;;
⇗;21D7;NORTH EAST DOUBLE ARROW;0;;
⇘;21D8;SOUTH EAST DOUBLE ARROW;0;;
⇙;21D9;SOUTH WEST DOUBLE ARROW;0;;
⇚;21DA;LEFTWARDS TRIPLE ARROW;0;;
⇛;21DB;RIGHTWARDS TRIPLE ARROW;0;;
⇜;21DC;LEFTWARDS SQUIGGLE ARROW;0;;
⇝;21DD;RIGHTWARDS SQUIGGLE ARROW;0;;
⇞;21DE;UPWARDS ARROW WITH DOUBLE STROKE;0;;
⇟;21DF;DOWNWARDS ARROW WITH DOUBLE STROKE;0;;
⇠;21E0;LEFTWARDS DASHED ARROW;0;;
⇡;21E1;UPWARDS DASHED ARROW;0;;
⇢;21E2;RIGHTWARDS DASHED ARROW;0;;
⇣;21E3;DOWNWARDS DASHED ARROW;0;;
⇤;21E4;LEFTWARDS ARROW TO BAR;0;;
⇥;21E5;RIGHTWARDS ARROW TO BAR;0;;
⇦;21E6;LEFTWARDS WHITE ARROW;0;;
⇧;21E7;UPWARDS WHITE ARROW;0;;
⇨;21E8;RIGHTWARDS WHITE ARROW;0;;
⇩;21E9;DOWNWARDS WHITE ARROW;0;;
⇪;21EA;UPWARDS WHITE ARROW FROM BAR;0;;
⇫;21EB;UPWARDS WHITE ARROW ON PEDESTAL;0;;
⇬;21EC;UPWARDS WHITE ARROW ON PEDESTAL WITH HORIZONTAL BAR;0;;
⇭;21ED;UPWARDS WHITE ARROW ON PEDESTAL WITH VERTICAL BAR;0;;
⇮;21EE;UPWARDS WHITE DOUBLE ARROW;0;;
⇯;21EF;UPWARDS WHITE DOUBLE ARROW ON PEDESTAL;0;;
⇰;21F0;RIGHTWARDS WHITE ARROW FROM WALL;0;;
⇱;21F1;NORTH WEST ARROW TO CORNER;0;;
⇲;21F2;SOUTH EAST ARROW TO CORNER;0;;
⇳;21F3;UP DOWN WHITE ARROW;0;;
⇴;21F4;RIGHT ARROW WITH SMALL CIRCLE;0;;
⇵;21F5;DOWNWARDS ARROW LEFTWARDS OF UPWARDS ARROW;0;;
⇶;21F6;THREE RIGHTWARDS ARROWS;0;;
⇷;21F7;LEFTWARDS ARROW WITH VERTICAL STROKE;0;;
⇸;21F8;RIGHTWARDS ARROW WITH VERTICAL STROKE;0;;
⇹;21F9;LEFT RIGHT ARROW WITH VERTICAL STROKE;0;;
⇺;21FA;LEFTWARDS ARROW WITH DOUBLE VERTICAL STROKE;0;;
⇻;21FB;RIGHTWARDS ARROW WITH DOUBLE VERTICAL STROKE;0;;
⇼;21FC;LEFT RIGHT ARROW WITH DOUBLE VERTICAL STROKE;0;;
⇽;21FD;LEFTWARDS OPEN-HEADED ARROW;0;;
⇾;21FE;RIGHTWARDS OPEN-HEADED ARROW;0;;
⇿;21FF;LEFT RIGHT OPEN-HEADED ARROW;0;;
∆;2206;INCREMENT;0;;
∏;220F;N-ARY PRODUCT;0;;
∑;2211;N-ARY SUMMATION;0;;
−;2212;MINUS SIGN;0;;
≈;2248;ALMOST EQUAL TO;0;;
⌚;231A;WATCH;1;Symbols;
⌛;231B;HOURGLASS;1;Symbols;
⏏;23CF;EJECT SYMBOL;1;Symbols;
⏩;23E9;BLACK RIGHT-POINTING DOUBLE TRIANGLE;1;Symbols;
⏪;23EA;BLACK LEFT-POINTING DOUBLE TRIANGLE;1;Symbols;
⏫;23EB;BLACK UP-POINTING DOUBLE TRIANGLE;1;Symbols;
⏬;23EC;BLACK DOWN-POINTING DOUBLE TRIANGLE;1;Symbols;
⏭;23ED;BLACK RIGHT-POINTING DOUBLE TRIANGLE WITH VERTICAL BAR;1;Symbols;
⏮;23EE;BLACK LEFT-POINTING DOUBLE TRIANGLE WITH VERTICAL BAR;1;Symbols;
⏯;23EF;BLACK RIGHT-POINTING TRIANGLE WITH DOUBLE VERTICAL BAR;1;Symbols;
⏰;23F0;ALARM CLOCK;1;Objects;
⏳;23F3;HOURGLASS WITH FLOWING SAND;1;Objects;
Ⓐ;24B6;CIRCLED LATIN CAPITAL LETTER A;0;;
Ⓑ;24B7;CIRCLED LATIN CAPITAL LETTER B;0;;
Ⓒ;24B8;CIRCLED LATIN CAPITAL LETTER C;0;;
Ⓓ;24B9;CIRCLED LATIN CAPITAL LETTER D;0;;
Ⓔ;24BA;CIRCLED LATIN CAPITAL LETTER E;0;;
Ⓕ;24BB;CIRCLED LATIN CAPITAL LETTER F;0;;
Ⓖ;24BC;CIRCLED LATIN CAPITAL LETTER G;0;;
Ⓗ;24BD;CIRCLED LATIN CAPITAL LETTER H;0;;
Ⓘ;24BE;CIRCLED LATIN CAPITAL LETTER I;0;;
Ⓙ;24BF;CIRCLED LATIN CAPITAL LETTER J;0;;
Ⓚ;24C0;CIRCLED LATIN CAPITAL LETTER K;0;;
Ⓛ;24C1;CIRCLED LATIN CAPITAL LETTER L;0;;
Ⓜ;24C2;CIRCLED LATIN CAPITAL LETTER M;0;;
Ⓝ;24C3;CIRCLED LATIN CAPITAL LETTER N;0;;
Ⓞ;24C4;CIRCLED LATIN CAPITAL LETTER O;0;;
Ⓟ;24C5;CIRCLED LATIN CAPITAL LETTER P;0;;
Ⓠ;24C6;CIRCLED LATIN CAPITAL LETTER Q;0;;
Ⓡ;24C7;CIRCLED LATIN CAPITAL LETTER R;0;;
Ⓢ;24C8;CIRCLED LATIN CAPITAL LETTER S;0;;
Ⓣ;24C9;CIRCLED LATIN CAPITAL LETTER T;0;;
Ⓤ;24CA;CIRCLED LATIN CAPITAL LETTER U;0;;
Ⓥ;24CB;CIRCLED LATIN CAPITAL LETTER V;0;;
Ⓦ;24CC;CIRCLED LATIN CAPITAL LETTER W;0;;
Ⓧ;24CD;CIRCLED LATIN CAPITAL LETTER X;0;;
Ⓨ;24CE;CIRCLED LATIN CAPITAL LETTER Y;0;;
Ⓩ;24CF;CIRCLED LATIN CAPITAL LETTER Z;0;;
■;25A0;BLACK SQUARE;0;;
□;25A1;WHITE SQUARE;0;;
▢;25A2;WHITE SQUARE WITH ROUNDED CORNERS;0;;
▣;25A3;WHITE SQUARE CONTAINING BLACK SMALL SQUARE;0;;
▤;25A4;SQUARE WITH HORIZONTAL FILL;0;;
▥;25A5;SQUARE WITH VERTICAL FILL;0;;
▦;25A6;SQUARE WITH ORTHOGONAL CROSSHATCH FILL;0;;
▧;25A7;SQUARE WITH UPPER LEFT TO LOWER RIGHT FILL;0;;
▨;25A8;SQUARE WITH UPPER RIGHT TO LOWER LEFT FILL;0;;
▩;25A9;SQUARE WITH DIAGONAL CROSSHATCH FILL;0;;
▪;25AA;BLACK SMALL SQUARE;0;;
▫;25AB;WHITE SMALL SQUARE;0;;
▬;25AC;BLACK RECTANGLE;0;;
▭;25AD;WHITE RECTANGLE;0;;
▮;25AE;BLACK VERTICAL RECTANGLE;0;;
▯;25AF;WHITE VERTICAL RECTANGLE;0;;
▰;25B0;BLACK PARALLELOGRAM;0;;
▱;25B1;WHITE PARALLELOGRAM;0;;
▲;25B2;BLACK UP-POINTING TRIANGLE;0;;
△;25B3;WHITE UP-POINTING TRIANGLE;0;;
▴;25B4;BLACK UP-POINTING SMALL TRIANGLE;0;;
▵;25B5;WHITE UP-POINTING SMALL TRIANGLE;0;;
▶;25B6;BLACK RIGHT-POINTING TRIANGLE;1;Symbols;
▷;25B7;WHITE RIGHT-POINTING TRIANGLE;0;;
▸;25B8;BLACK RIGHT-POINTING SMALL TRIANGLE;0;;
▹;25B9;WHITE RIGHT-POINTING SMALL TRIANGLE;0;;
►;25BA;BLACK RIGHT-POINTING POINTER;0;;
▻;25BB;WHITE RIGHT-POINTING POINTER;0;;
▼;25BC;BLACK DOWN-POINTING TRIANGLE;0;;
▽;25BD;WHITE DOWN-POINTING TRIANGLE;0;;
▾;25BE;BLACK DOWN-POINTING SMALL TRIANGLE;0;;
▿;25BF;WHITE DOWN-POINTING SMALL TRIANGLE;0;;
◀;25C0;BLACK LEFT-POINTING TRIANGLE;1;Symbols;
◁;25C1;WHITE LEFT-POINTING TRIANGLE;0;;
◂;25C2;BLACK LEFT-POINTING SMALL TRIANGLE;0;;
◃;25C3;WHITE LEFT-POINTING SMALL TRIANGLE;0;;
◄;25C4;BLACK LEFT-POINTING POINTER;0;;
◅;25C5;WHITE LEFT-POINTING POINTER;0;;
◆;25C6;BLACK DIAMOND;0;;
◇;25C7;WHITE DIAMOND;0;;
◈;25C8;WHITE DIAMOND CONTAINING BLACK SMALL DIAMOND;0;;
◉;25C9;FISHEYE;0;;
◊;25CA;LOZENGE;0;;
○;25CB;WHITE CIRCLE;0;;
◌;25CC;DOTTED CIRCLE;0;;
◍;25CD;CIRCLE WITH VERTICAL FILL;0;;
◎;25CE;BULLSEYE;0;;
●;25CF;BLACK CIRCLE;0;;
◐;25D0;CIRCLE WITH LEFT HALF BLACK;0;;
◑;25D1;CIRCLE WITH RIGHT HALF BLACK;0;;
◒;25D2;CIRCLE WITH LOWER HALF BLACK;0;;
◓;25D3;CIRCLE WITH UPPER HALF BLACK;0;;
◔;25D4;CIRCLE WITH UPPER RIGHT QUADRANT BLACK;0;;
◕;25D5;CIRCLE WITH ALL BUT UPPER LEFT QUADRANT BLACK;0;;
◖;25D6;LEFT HALF BLACK CIRCLE;0;;
◗;25D7;RIGHT HALF BLACK CIRCLE;0;;
◘;25D8;INVERSE BULLET;0;;
◙;25D9;INVERSE WHITE CIRCLE;0;;
◚;25DA;UPPER HALF INVERSE WHITE CIRCLE;0;;
◛;25DB;LOWER HALF INVERSE WHITE CIRCLE;0;;
◜;25DC;UPPER LEFT QUADRANT CIRCULAR ARC;0;;
◝;25DD;UPPER RIGHT QUADRANT CIRCULAR ARC;0;;
◞;25DE;LOWER RIGHT QUADRANT CIRCULAR ARC;0;;
◟;25DF;LOWER LEFT QUADRANT CIRCULAR ARC;0;;
◠;25E0;UPPER HALF CIRCLE;0;;
◡;25E1;LOWER HALF CIRCLE;0;;
◢;25E2;BLACK LOWER RIGHT TRIANGLE;0;;
◣;25E3;BLACK LOWER LEFT TRIANGLE;0;;
◤;25E4;BLACK UPPER LEFT TRIANGLE;0;;
◥;25E5;BLACK UPPER RIGHT TRIANGLE;0;;
◦;25E6;WHITE BULLET;0;;
◧;25E7;SQUARE WITH LEFT HALF BLACK;0;;
◨;25E8;SQUARE WITH RIGHT HALF BLACK;0;;
◩;25E9;SQUARE WITH UPPER LEFT DIAGONAL HALF BLACK;0;;
◪;25EA;SQUARE WITH LOWER RIGHT DIAGONAL HALF BLACK;0;;
◫;25EB;WHITE SQUARE WITH VERTICAL BISECTING LINE;0;;
◬;25EC;WHITE UP-POINTING TRIANGLE WITH DOT;0;;
◭;25ED;UP-POINTING TRIANGLE WITH LEFT HALF BLACK;0;;
◮;25EE;UP-POINTING TRIANGLE WITH RIGHT HALF BLACK;0;;
◯;25EF;LARGE CIRCLE;0;;
◰;25F0;WHITE SQUARE WITH UPPER LEFT QUADRANT;0;;
◱;25F1;WHITE SQUARE WITH LOWER LEFT QUADRANT;0;;
◲;25F2;WHITE SQUARE WITH LOWER RIGHT QUADRANT;0;;
◳;25F3;WHITE SQUARE WITH UPPER RIGHT QUADRANT;0;;
◴;25F4;WHITE CIRCLE WITH UPPER LEFT QUADRANT;0;;
◵;25F5;WHITE CIRCLE WITH LOWER LEFT QUADRANT;0;;
◶;25F6;WHITE CIRCLE WITH LOWER RIGHT QUADRANT;0;;
◷;25F7;WHITE CIRCLE WITH UPPER RIGHT QUADRANT;0;;
◸;25F8;UPPER LEFT TRIANGLE;0;;
◹;25F9;UPPER RIGHT TRIANGLE;0;;
◺;25FA;LOWER LEFT TRIANGLE;0;;
◻;25FB;WHITE MEDIUM SQUARE;0;;
◼;25FC;BLACK MEDIUM SQUARE;0;;
◽;25FD;WHITE MEDIUM SMALL SQUARE;0;;
◾;25FE;BLACK MEDIUM SMALL SQUARE;0;;
◿;25FF;LOWER RIGHT TRIANGLE;0;;
☀;2600;BLACK SUN WITH RAYS;1;Animals & Nature;
☁;2601;CLOUD;1;Animals & Nature;
☂;2602;UMBRELLA;1;Animals & Nature;
☃;2603;SNOWMAN;1;Animals & Nature;
☎;260E;BLACK TELEPHONE;1;Animals & Nature;
☏;260F;WHITE TELEPHONE;0;;
☐;2610;BALLOT BOX;0;;
☑;2611;BALLOT BOX WITH CHECK;1;Symbols;
☒;2612;BALLOT BOX WITH X;0;;
☔;2614;UMBRELLA WITH RAIN DROPS;1;Animals & Nature;
☕;2615;HOT BEVERAGE;1;Objects;
☚;261A;BLACK LEFT POINTING INDEX;1;Body;
☛;261B;BLACK RIGHT POINTING INDEX;1;Body;
☜;261C;WHITE LEFT POINTING INDEX;1;Body;
☝;261D;WHITE UP POINTING INDEX;1;Body;
☞;261E;WHITE RIGHT POINTING INDEX;1;Body;
☟;261F;WHITE DOWN POINTING INDEX;1;Body;
☹;2639;WHITE FROWNING FACE;1;Body;
☺;263A;WHITE SMILING FACE;1;Body;
☻;263B;BLACK SMILING FACE;0;;
☿;263F;MERCURY;0;;
♀;2640;FEMALE SIGN;1;Symbols;
♁;2641;EARTH;0;;
♂;2642;MALE SIGN;1;Symbols;
♃;2643;JUPITER;0;;
♄;2644;SATURN;0;;
♅;2645;URANUS;0;;
♆;2646;NEPTUNE;0;;
♇;2647;PLUTO;0;;
♈;2648;ARIES;1;Symbols;
♉;2649;TAURUS;1;Symbols;
♊;264A;GEMINI;1;Symbols;
♋;264B;CANCER;1;Symbols;
♌;264C;LEO;1;Symbols;
♍;264D;VIRGO;1;Symbols;
♎;264E;LIBRA;1;Symbols;
♏;264F;SCORPIUS;1;Symbols;
♐;2650;SAGITTARIUS;1;Symbols;
♑;2651;CAPRICORN;1;Symbols;
♒;2652;AQUARIUS;1;Symbols;
♓;2653;PISCES;1;Symbols;
♠;2660;BLACK SPADE SUIT;1;Symbols;
♡;2661;WHITE HEART SUIT;1;Symbols;
♢;2662;WHITE DIAMOND SUIT;1;Symbols;
♣;2663;BLACK CLUB SUIT;1;Symbols;
♤;2664;WHITE SPADE SUIT;1;Symbols;
♥;2665;BLACK HEART SUIT;1;Symbols;
♦;2666;BLACK DIAMOND SUIT;1;Symbols;
♧;2667;WHITE CLUB SUIT;1;Symbols;
♨;2668;HOT SPRINGS;1;Symbols;
♲;2672;UNIVERSAL RECYCLING SYMBOL;0;;
♳;2673;RECYCLING SYMBOL FOR TYPE-1 PLASTICS;0;;
♴;2674;RECYCLING SYMBOL FOR TYPE-2 PLASTICS;0;;
♵;2675;RECYCLING SYMBOL FOR TYPE-3 PLASTICS;0;;
♶;2676;RECYCLING SYMBOL FOR TYPE-4 PLASTICS;0;;
♷;2677;RECYCLING SYMBOL FOR TYPE-5 PLASTICS;0;;
♸;2678;RECYCLING SYMBOL FOR TYPE-6 PLASTICS;0;;
♹;2679;RECYCLING SYMBOL FOR TYPE-7 PLASTICS;0;;
♺;267A;RECYCLING SYMBOL FOR GENERIC MATERIALS;0;;
♻;267B;BLACK UNIVERSAL RECYCLING SYMBOL;1;Symbols;
♼;267C;RECYCLED PAPER SYMBOL;0;;
♽;267D;PARTIALLY-RECYCLED PAPER SYMBOL;0;;
♿;267F;WHEELCHAIR SYMBOL;1;Symbols;
⚓;2693;ANCHOR;1;Objects;
⚠;26A0;WARNING SIGN;1;Symbol;
⚡;26A1;HIGH VOLTAGE SIGN;1;Animals & Nature;
⚢;26A2;DOUBLED FEMALE SIGN;0;;
⚣;26A3;DOUBLED MALE SIGN;0;;
⚤;26A4;INTERLOCKED FEMALE AND MALE SIGN;0;;
⚥;26A5;MALE AND FEMALE SIGN;0;;
⚦;26A6;MALE WITH STROKE SIGN;0;;
⚧;26A7;MALE WITH STROKE AND MALE AND FEMALE SIGN;0;;
⚨;26A8;VERTICAL MALE WITH STROKE SIGN;0;;
⚩;26A9;HORIZONTAL MALE WITH STROKE SIGN;0;;
⚪;26AA;MEDIUM WHITE CIRCLE;1;Symbols;
⚫;26AB;MEDIUM BLACK CIRCLE;1;Symbols;
⚽;26BD;SOCCER BALL;1;Objects;
⚾;26BE;BASEBALL;1;Objects;
⛄;26C4;SNOWMAN WITHOUT SNOW;1;Objects;
⛅;26C5;SUN BEHIND CLOUD;1;Animals & Nature;
⛇;26C7;BLACK SNOWMAN;1;Animals & Nature;
⛎;26CE;OPHIUCHUS;1;Symbols;
⛔;26D4;NO ENTRY;1;Symbols;
⛝;26DD;SQUARED SALTIRE;0;;
⛣;26E3;HEAVY CIRCLE WITH STROKE AND TWO DOTS ABOVE;0;;
⛪;26EA;CHURCH;1;Travel & Places;
⛲;26F2;FOUNTAIN;1;Travel & Places;
⛳;26F3;FLAG IN HOLE;1;Travel & Places;
⛵;26F5;SAILBOAT;1;Travel & Places;
⛺;26FA;TENT;1;Travel & Places;
⛽;26FD;FUEL PUMP;1;Objects;
✁;2701;UPPER BLADE SCISSORS;0;;
✂;2702;BLACK SCISSORS;1;Objects;
✃;2703;LOWER BLADE SCISSORS;0;;
✄;2704;WHITE SCISSORS;0;;
✅;2705;WHITE HEAVY CHECK MARK;1;Symbols;
✈;2708;AIRPLANE;1;Travel & Places;
✉;2709;ENVELOPE;1;Objects;
✊;270A;RAISED FIST;1;Body;
✋;270B;RAISED HAND;1;Body;
✌;270C;VICTORY HAND;1;Body;
✎;270E;LOWER RIGHT PENCIL;1;Objects;
✏;270F;PENCIL;1;Objects;
✐;2710;UPPER RIGHT PENCIL;1;Objects;
✒;2712;BLACK NIB;1;Objects;
✓;2713;CHECK MARK;0;;
✔;2714;HEAVY CHECK MARK;1;Symbols;
✕;2715;MULTIPLICATION X;0;;
✖;2716;HEAVY MULTIPLICATION X;1;Symbols;
✗;2717;BALLOT X;0;;
✘;2718;HEAVY BALLOT X;0;;
✨;2728;SPARKLES;1;Symbols;
✱;2731;HEAVY ASTERISK;0;;
✲;2732;OPEN CENTRE ASTERISK;0;;
✳;2733;EIGHT SPOKED ASTERISK;1;Symbols;
✴;2734;EIGHT POINTED BLACK STAR;1;Symbols;
✵;2735;EIGHT POINTED PINWHEEL STAR;0;;
✶;2736;SIX POINTED BLACK STAR;0;;
✷;2737;EIGHT POINTED RECTILINEAR BLACK STAR;0;;
✸;2738;HEAVY EIGHT POINTED RECTILINEAR BLACK STAR;0;;
✹;2739;TWELVE POINTED BLACK STAR;0;;
✺;273A;SIXTEEN POINTED ASTERISK;0;;
✻;273B;TEARDROP-SPOKED ASTERISK;0;;
✼;273C;OPEN CENTRE TEARDROP-SPOKED ASTERISK;0;;
✽;273D;HEAVY TEARDROP-SPOKED ASTERISK;0;;
✾;273E;SIX PETALLED BLACK AND WHITE FLORETTE;0;;
✿;273F;BLACK FLORETTE;0;;
❀;2740;WHITE FLORETTE;0;;
❁;2741;EIGHT PETALLED OUTLINED BLACK FLORETTE;0;;
❂;2742;CIRCLED OPEN CENTRE EIGHT POINTED STAR;0;;
❃;2743;HEAVY TEARDROP-SPOKED PINWHEEL ASTERISK;0;;
❄;2744;SNOWFLAKE;1;Animals & Nature;
❅;2745;TIGHT TRIFOLIATE SNOWFLAKE;0;;
❆;2746;HEAVY CHEVRON SNOWFLAKE;0;;
❇;2747;SPARKLE;1;Symbols;
❈;2748;HEAVY SPARKLE;0;;
❉;2749;BALLOON-SPOKED ASTERISK;0;;
❊;274A;EIGHT TEARDROP-SPOKED PROPELLER ASTERISK;0;;
❋;274B;HEAVY EIGHT TEARDROP-SPOKED PROPELLER ASTERISK;0;;
❌;274C;CROSS MARK;1;Symbols;
❎;274E;NEGATIVE SQUARED CROSS MARK;1;Symbols;
❓;2753;BLACK QUESTION MARK ORNAMENT;1;Symbols;
❔;2754;WHITE QUESTION MARK ORNAMENT;1;Symbols;
❕;2755;WHITE EXCLAMATION MARK ORNAMENT;1;Symbols;
❗;2757;HEAVY EXCLAMATION MARK SYMBOL;1;Symbols;
❤;2764;HEAVY BLACK HEART;1;Symbols;
❥;2765;ROTATED HEAVY BLACK HEART BULLET;1;Symbols;
➕;2795;HEAVY PLUS SIGN;1;Symbols;
➖;2796;HEAVY MINUS SIGN;1;Symbols;
➗;2797;HEAVY DIVISION SIGN;1;Symbols;
➡;27A1;BLACK RIGHTWARDS ARROW;1;Symbols;
➰;27B0;CURLY LOOP;1;Symbols;
➿;27BF;DOUBLE CURLY LOOP;1;Symbols;
⤴;2934;ARROW POINTING RIGHTWARDS THEN CURVING UPWARDS;1;Symbols;
⤵;2935;ARROW POINTING RIGHTWARDS THEN CURVING DOWNWARDS;1;Symbols;
⤶;2936;ARROW POINTING DOWNWARDS THEN CURVING LEFTWARDS;1;Symbols;
⤷;2937;ARROW POINTING DOWNWARDS THEN CURVING RIGHTWARDS;1;Symbols;
⬅;2B05;LEFTWARDS BLACK ARROW;1;Symbols;
⬆;2B06;UPWARDS BLACK ARROW;1;Symbols;
⬇;2B07;DOWNWARDS BLACK ARROW;1;Symbols;
⬒;2B12;SQUARE WITH TOP HALF BLACK;0;;
⬓;2B13;SQUARE WITH BOTTOM HALF BLACK;0;;
⬔;2B14;SQUARE WITH UPPER RIGHT DIAGONAL HALF BLACK;0;;
⬕;2B15;SQUARE WITH LOWER LEFT DIAGONAL HALF BLACK;0;;
⬖;2B16;DIAMOND WITH LEFT HALF BLACK;0;;
⬗;2B17;DIAMOND WITH RIGHT HALF BLACK;0;;
⬘;2B18;DIAMOND WITH TOP HALF BLACK;0;;
⬙;2B19;DIAMOND WITH BOTTOM HALF BLACK;0;;
⬚;2B1A;DOTTED SQUARE;0;;
⬛;2B1B;BLACK LARGE SQUARE;1;Symbols;
⬜;2B1C;WHITE LARGE SQUARE;1;Symbols;
⭐;2B50;WHITE MEDIUM STAR;1;Symbols;
⭑;2B51;BLACK SMALL STAR;0;;
⭒;2B52;WHITE SMALL STAR;0;;
⭕;2B55;HEAVY LARGE CIRCLE;1;Symbols;
〰;3030;WAVY DASH;1;Symbols;
〽;303D;PART ALTERNATION MARK;1;Symbols;
㉄;3244;CIRCLED IDEOGRAPH QUESTION;0;;
㉅;3245;CIRCLED IDEOGRAPH KINDERGARTEN;0;;
㉆;3246;CIRCLED IDEOGRAPH SCHOOL;0;;
㉇;3247;CIRCLED IDEOGRAPH KOTO;0;;
㊗;3297;CIRCLED IDEOGRAPH CONGRATULATION;1;Symbols;
㊙;3299;CIRCLED IDEOGRAPH SECRET;1;Symbols;
🀀;1F000;MAHJONG TILE EAST WIND;1;mahong;
🀁;1F001;MAHJONG TILE SOUTH WIND;1;mahong;
🀂;1F002;MAHJONG TILE WEST WIND;1;mahong;
🀃;1F003;MAHJONG TILE NORTH WIND;1;mahong;
🀄;1F004;MAHJONG TILE RED DRAGON;1;mahong;
🀅;1F005;MAHJONG TILE GREEN DRAGON;1;mahong;
🀆;1F006;MAHJONG TILE WHITE DRAGON;1;mahong;
🀇;1F007;MAHJONG TILE ONE OF CHARACTERS;1;mahong;
🀈;1F008;MAHJONG TILE TWO OF CHARACTERS;1;mahong;
🀉;1F009;MAHJONG TILE THREE OF CHARACTERS;1;mahong;
🀊;1F00A;MAHJONG TILE FOUR OF CHARACTERS;1;mahong;
🀋;1F00B;MAHJONG TILE FIVE OF CHARACTERS;1;mahong;
🀌;1F00C;MAHJONG TILE SIX OF CHARACTERS;1;mahong;
🀍;1F00D;MAHJONG TILE SEVEN OF CHARACTERS;1;mahong;
🀎;1F00E;MAHJONG TILE EIGHT OF CHARACTERS;1;mahong;
🀏;1F00F;MAHJONG TILE NINE OF CHARACTERS;1;mahong;
🀐;1F010;MAHJONG TILE ONE OF BAMBOOS;1;mahong;
🀑;1F011;MAHJONG TILE TWO OF BAMBOOS;1;mahong;
🀒;1F012;MAHJONG TILE THREE OF BAMBOOS;1;mahong;
🀓;1F013;MAHJONG TILE FOUR OF BAMBOOS;1;mahong;
🀔;1F014;MAHJONG TILE FIVE OF BAMBOOS;1;mahong;
🀕;1F015;MAHJONG TILE SIX OF BAMBOOS;1;mahong;
🀖;1F016;MAHJONG TILE SEVEN OF BAMBOOS;1;mahong;
🀗;1F017;MAHJONG TILE EIGHT OF BAMBOOS;1;mahong;
🀘;1F018;MAHJONG TILE NINE OF BAMBOOS;1;mahong;
🀙;1F019;MAHJONG TILE ONE OF CIRCLES;1;mahong;
🀚;1F01A;MAHJONG TILE TWO OF CIRCLES;1;mahong;
🀛;1F01B;MAHJONG TILE THREE OF CIRCLES;1;mahong;
🀜;1F01C;MAHJONG TILE FOUR OF CIRCLES;1;mahong;
🀝;1F01D;MAHJONG TILE FIVE OF CIRCLES;1;mahong;
🀞;1F01E;MAHJONG TILE SIX OF CIRCLES;1;mahong;
🀟;1F01F;MAHJONG TILE SEVEN OF CIRCLES;1;mahong;
🀠;1F020;MAHJONG TILE EIGHT OF CIRCLES;1;mahong;
🀡;1F021;MAHJONG TILE NINE OF CIRCLES;1;mahong;
🀢;1F022;MAHJONG TILE PLUM;1;mahong;
🀣;1F023;MAHJONG TILE ORCHID;1;mahong;
🀤;1F024;MAHJONG TILE BAMBOO;1;mahong;
🀥;1F025;MAHJONG TILE CHRYSANTHEMUM;1;mahong;
🀦;1F026;MAHJONG TILE SPRING;1;mahong;
🀧;1F027;MAHJONG TILE SUMMER;1;mahong;
🀨;1F028;MAHJONG TILE AUTUMN;1;mahong;
🀩;1F029;MAHJONG TILE WINTER;1;mahong;
🀪;1F02A;MAHJONG TILE JOKER;1;mahong;
🀫;1F02B;MAHJONG TILE BACK;1;mahong;
🃏;1F0CF;PLAYING CARD BLACK JOKER;1;mahong;
🅰;1F170;NEGATIVE SQUARED LATIN CAPITAL LETTER A;1;Symbols;
🅱;1F171;NEGATIVE SQUARED LATIN CAPITAL LETTER B;1;Symbols;
🅲;1F172;NEGATIVE SQUARED LATIN CAPITAL LETTER C;0;;
🅳;1F173;NEGATIVE SQUARED LATIN CAPITAL LETTER D;0;;
🅴;1F174;NEGATIVE SQUARED LATIN CAPITAL LETTER E;0;;
🅵;1F175;NEGATIVE SQUARED LATIN CAPITAL LETTER F;0;;
🅶;1F176;NEGATIVE SQUARED LATIN CAPITAL LETTER G;0;;
🅷;1F177;NEGATIVE SQUARED LATIN CAPITAL LETTER H;0;;
🅸;1F178;NEGATIVE SQUARED LATIN CAPITAL LETTER I;0;;
🅹;1F179;NEGATIVE SQUARED LATIN CAPITAL LETTER J;0;;
🅺;1F17A;NEGATIVE SQUARED LATIN CAPITAL LETTER K;0;;
🅻;1F17B;NEGATIVE SQUARED LATIN CAPITAL LETTER L;0;;
🅼;1F17C;NEGATIVE SQUARED LATIN CAPITAL LETTER M;0;;
🅽;1F17D;NEGATIVE SQUARED LATIN CAPITAL LETTER N;0;;
🅾;1F17E;NEGATIVE SQUARED LATIN CAPITAL LETTER O;0;;
🅿;1F17F;NEGATIVE SQUARED LATIN CAPITAL LETTER P;1;Symbols;
🆀;1F180;NEGATIVE SQUARED LATIN CAPITAL LETTER Q;0;;
🆁;1F181;NEGATIVE SQUARED LATIN CAPITAL LETTER R;0;;
🆂;1F182;NEGATIVE SQUARED LATIN CAPITAL LETTER S;0;;
🆃;1F183;NEGATIVE SQUARED LATIN CAPITAL LETTER T;0;;
🆄;1F184;NEGATIVE SQUARED LATIN CAPITAL LETTER U;0;;
🆅;1F185;NEGATIVE SQUARED LATIN CAPITAL LETTER V;0;;
🆆;1F186;NEGATIVE SQUARED LATIN CAPITAL LETTER W;0;;
🆇;1F187;NEGATIVE SQUARED LATIN CAPITAL LETTER X;0;;
🆈;1F188;NEGATIVE SQUARED LATIN CAPITAL LETTER Y;0;;
🆉;1F189;NEGATIVE SQUARED LATIN CAPITAL LETTER Z;0;;
🆊;1F18A;CROSSED NEGATIVE SQUARED LATIN CAPITAL LETTER P;0;;
🆋;1F18B;NEGATIVE SQUARED IC;0;;
🆌;1F18C;NEGATIVE SQUARED PA;0;;
🆍;1F18D;NEGATIVE SQUARED SA;0;;
🆎;1F18E;NEGATIVE SQUARED AB;1;Symbols;
🆏;1F18F;NEGATIVE SQUARED WC;0;;
🆐;1F190;SQUARE DJ;0;;
🆑;1F191;SQUARED CL;1;Symbols;
🆒;1F192;SQUARED COOL;1;Symbols;
🆓;1F193;SQUARED FREE;1;Symbols;
🆔;1F194;SQUARED ID;1;Symbols;
🆕;1F195;SQUARED NEW;1;Symbols;
🆖;1F196;SQUARED NG;1;Symbols;
🆗;1F197;SQUARED OK;1;Symbols;
🆘;1F198;SQUARED SOS;1;Symbols;
🆙;1F199;SQUARED UP WITH EXCLAMATION MARK;1;Symbols;
🆚;1F19A;SQUARED VS;1;Symbols;
🇦;1F1E6;REGIONAL INDICATOR SYMBOL LETTER A;0;;
🇧;1F1E7;REGIONAL INDICATOR SYMBOL LETTER B;0;;
🇨;1F1E8;REGIONAL INDICATOR SYMBOL LETTER C;0;;
🇩;1F1E9;REGIONAL INDICATOR SYMBOL LETTER D;0;;
🇪;1F1EA;REGIONAL INDICATOR SYMBOL LETTER E;0;;
🇫;1F1EB;REGIONAL INDICATOR SYMBOL LETTER F;0;;
🇬;1F1EC;REGIONAL INDICATOR SYMBOL LETTER G;0;;
🇭;1F1ED;REGIONAL INDICATOR SYMBOL LETTER H;0;;
🇮;1F1EE;REGIONAL INDICATOR SYMBOL LETTER I;0;;
🇯;1F1EF;REGIONAL INDICATOR SYMBOL LETTER J;0;;
🇰;1F1F0;REGIONAL INDICATOR SYMBOL LETTER K;0;;
🇱;1F1F1;REGIONAL INDICATOR SYMBOL LETTER L;0;;
🇲;1F1F2;REGIONAL INDICATOR SYMBOL LETTER M;0;;
🇳;1F1F3;REGIONAL INDICATOR SYMBOL LETTER N;0;;
🇴;1F1F4;REGIONAL INDICATOR SYMBOL LETTER O;0;;
🇵;1F1F5;REGIONAL INDICATOR SYMBOL LETTER P;0;;
🇶;1F1F6;REGIONAL INDICATOR SYMBOL LETTER Q;0;;
🇷;1F1F7;REGIONAL INDICATOR SYMBOL LETTER R;0;;
🇸;1F1F8;REGIONAL INDICATOR SYMBOL LETTER S;0;;
🇹;1F1F9;REGIONAL INDICATOR SYMBOL LETTER T;0;;
🇺;1F1FA;REGIONAL INDICATOR SYMBOL LETTER U;0;;
🇻;1F1FB;REGIONAL INDICATOR SYMBOL LETTER V;0;;
🇼;1F1FC;REGIONAL INDICATOR SYMBOL LETTER W;0;;
🇽;1F1FD;REGIONAL INDICATOR SYMBOL LETTER X;0;;
🇾;1F1FE;REGIONAL INDICATOR SYMBOL LETTER Y;0;;
🇿;1F1FF;REGIONAL INDICATOR SYMBOL LETTER Z;0;;
🈁;1F201;SQUARED KATAKANA KOKO;1;Symbols;
🈂;1F202;SQUARED KATAKANA SA;1;Symbols;
🈐;1F210;SQUARED CJK UNIFIED IDEOGRAPH-624B;0;;
🈑;1F211;SQUARED CJK UNIFIED IDEOGRAPH-5B57;0;;
🈒;1F212;SQUARED CJK UNIFIED IDEOGRAPH-53CC;0;;
🈓;1F213;SQUARED KATAKANA DE;0;;
🈔;1F214;SQUARED CJK UNIFIED IDEOGRAPH-4E8C;0;;
🈕;1F215;SQUARED CJK UNIFIED IDEOGRAPH-591A;0;;
🈖;1F216;SQUARED CJK UNIFIED IDEOGRAPH-89E3;0;;
🈗;1F217;SQUARED CJK UNIFIED IDEOGRAPH-5929;0;;
🈘;1F218;SQUARED CJK UNIFIED IDEOGRAPH-4EA4;0;;
🈙;1F219;SQUARED CJK UNIFIED IDEOGRAPH-6620;0;;
🈚;1F21A;SQUARED CJK UNIFIED IDEOGRAPH-7121;1;Symbols;
🈛;1F21B;SQUARED CJK UNIFIED IDEOGRAPH-6599;0;;
🈜;1F21C;SQUARED CJK UNIFIED IDEOGRAPH-524D;0;;
🈝;1F21D;SQUARED CJK UNIFIED IDEOGRAPH-5F8C;0;;
🈞;1F21E;SQUARED CJK UNIFIED IDEOGRAPH-518D;0;;
🈟;1F21F;SQUARED CJK UNIFIED IDEOGRAPH-65B0;0;;
🈠;1F220;SQUARED CJK UNIFIED IDEOGRAPH-521D;0;;
🈡;1F221;SQUARED CJK UNIFIED IDEOGRAPH-7D42;0;;
🈢;1F222;SQUARED CJK UNIFIED IDEOGRAPH-751F;0;;
🈣;1F223;SQUARED CJK UNIFIED IDEOGRAPH-8CA9;0;;
🈤;1F224;SQUARED CJK UNIFIED IDEOGRAPH-58F0;0;;
🈥;1F225;SQUARED CJK UNIFIED IDEOGRAPH-5439;0;;
🈦;1F226;SQUARED CJK UNIFIED IDEOGRAPH-6F14;0;;
🈧;1F227;SQUARED CJK UNIFIED IDEOGRAPH-6295;0;;
🈨;1F228;SQUARED CJK UNIFIED IDEOGRAPH-6355;0;;
🈩;1F229;SQUARED CJK UNIFIED IDEOGRAPH-4E00;0;;
🈪;1F22A;SQUARED CJK UNIFIED IDEOGRAPH-4E09;0;;
🈫;1F22B;SQUARED CJK UNIFIED IDEOGRAPH-904A;0;;
🈬;1F22C;SQUARED CJK UNIFIED IDEOGRAPH-5DE6;0;;
🈭;1F22D;SQUARED CJK UNIFIED IDEOGRAPH-4E2D;0;;
🈮;1F22E;SQUARED CJK UNIFIED IDEOGRAPH-53F3;0;;
🈯;1F22F;SQUARED CJK UNIFIED IDEOGRAPH-6307;1;Symbols;
🈰;1F230;SQUARED CJK UNIFIED IDEOGRAPH-8D70;0;;
🈱;1F231;SQUARED CJK UNIFIED IDEOGRAPH-6253;0;;
🈲;1F232;SQUARED CJK UNIFIED IDEOGRAPH-7981;1;Symbols;
🈳;1F233;SQUARED CJK UNIFIED IDEOGRAPH-7A7A;1;lang;
🈴;1F234;SQUARED CJK UNIFIED IDEOGRAPH-5408;1;lang;
🈵;1F235;SQUARED CJK UNIFIED IDEOGRAPH-6E80;1;lang;
🈶;1F236;SQUARED CJK UNIFIED IDEOGRAPH-6709;1;lang;
🈷;1F237;SQUARED CJK UNIFIED IDEOGRAPH-6708;1;lang;
🈸;1F238;SQUARED CJK UNIFIED IDEOGRAPH-7533;1;lang;
🈹;1F239;SQUARED CJK UNIFIED IDEOGRAPH-5272;1;lang;
🈺;1F23A;SQUARED CJK UNIFIED IDEOGRAPH-55B6;1;lang;
🉐;1F250;CIRCLED IDEOGRAPH ADVANTAGE;1;lang;
🉑;1F251;CIRCLED IDEOGRAPH ACCEPT;1;lang;
🌀;1F300;CYCLONE;1;Animals & Nature;
🌁;1F301;FOGGY;1;Animals & Nature;
🌂;1F302;CLOSED UMBRELLA;1;Animals & Nature;
🌃;1F303;NIGHT WITH STARS;1;Travel & Places;
🌄;1F304;SUNRISE OVER MOUNTAINS;1;Travel & Places;
🌅;1F305;SUNRISE;1;Animals & Nature;
🌆;1F306;CITYSCAPE AT DUSK;1;Travel & Places;
🌇;1F307;SUNSET OVER BUILDINGS;1;Travel & Places;
🌈;1F308;RAINBOW;1;Animals & Nature;
🌉;1F309;BRIDGE AT NIGHT;1;Travel & Places;
🌊;1F30A;WATER WAVE;1;Travel & Places;
🌋;1F30B;VOLCANO;1;Travel & Places;
🌌;1F30C;MILKY WAY;1;Travel & Places;
🌍;1F30D;EARTH GLOBE EUROPE-AFRICA;1;Travel & Places;
🌎;1F30E;EARTH GLOBE AMERICAS;1;Travel & Places;
🌏;1F30F;EARTH GLOBE ASIA-AUSTRALIA;1;Travel & Places;
🌐;1F310;GLOBE WITH MERIDIANS;1;Travel & Places;
🌑;1F311;NEW MOON SYMBOL;1;Animals & Nature;
🌒;1F312;WAXING CRESCENT MOON SYMBOL;1;Animals & Nature;
🌓;1F313;FIRST QUARTER MOON SYMBOL;1;Animals & Nature;
🌔;1F314;WAXING GIBBOUS MOON SYMBOL;1;Animals & Nature;
🌕;1F315;FULL MOON SYMBOL;1;Animals & Nature;
🌖;1F316;WANING GIBBOUS MOON SYMBOL;1;Animals & Nature;
🌗;1F317;LAST QUARTER MOON SYMBOL;1;Animals & Nature;
🌘;1F318;WANING CRESCENT MOON SYMBOL;1;Animals & Nature;
🌙;1F319;CRESCENT MOON;1;Animals & Nature;
🌚;1F31A;NEW MOON WITH FACE;1;Animals & Nature;
🌛;1F31B;FIRST QUARTER MOON WITH FACE;1;Animals & Nature;
🌜;1F31C;LAST QUARTER MOON WITH FACE;1;Animals & Nature;
🌝;1F31D;FULL MOON WITH FACE;1;Animals & Nature;
🌞;1F31E;SUN WITH FACE;1;Animals & Nature;
🌟;1F31F;GLOWING STAR;1;Animals & Nature;
🌠;1F320;SHOOTING STAR;1;Animals & Nature;
🌰;1F330;CHESTNUT;1;Animals & Nature;
🌱;1F331;SEEDLING;1;Animals & Nature;
🌲;1F332;EVERGREEN TREE;1;Animals & Nature;
🌳;1F333;DECIDUOUS TREE;1;Animals & Nature;
🌴;1F334;PALM TREE;1;Animals & Nature;
🌵;1F335;CACTUS;1;Animals & Nature;
🌷;1F337;TULIP;1;Animals & Nature;
🌸;1F338;CHERRY BLOSSOM;1;Animals & Nature;
🌹;1F339;ROSE;1;Animals & Nature;
🌺;1F33A;HIBISCUS;1;Animals & Nature;
🌻;1F33B;SUNFLOWER;1;Animals & Nature;
🌼;1F33C;BLOSSOM;1;Animals & Nature;
🌽;1F33D;EAR OF MAIZE;1;Animals & Nature;
🌾;1F33E;EAR OF RICE;1;Animals & Nature;
🌿;1F33F;HERB;1;Animals & Nature;
🍀;1F340;FOUR LEAF CLOVER;1;Animals & Nature;
🍁;1F341;MAPLE LEAF;1;Animals & Nature;
🍂;1F342;FALLEN LEAF;1;Animals & Nature;
🍃;1F343;LEAF FLUTTERING IN WIND;1;Animals & Nature;
🍄;1F344;MUSHROOM;1;Food & Drink;
🍅;1F345;TOMATO;1;Food & Drink;
🍆;1F346;AUBERGINE;1;Food & Drink;
🍇;1F347;GRAPES;1;Food & Drink;
🍈;1F348;MELON;1;Food & Drink;
🍉;1F349;WATERMELON;1;Food & Drink;
🍊;1F34A;TANGERINE;1;Food & Drink;
🍋;1F34B;LEMON;1;Food & Drink;
🍌;1F34C;BANANA;1;Food & Drink;
🍍;1F34D;PINEAPPLE;1;Food & Drink;
🍎;1F34E;RED APPLE;1;Food & Drink;
🍏;1F34F;GREEN APPLE;1;Food & Drink;
🍐;1F350;PEAR;1;Food & Drink;
🍑;1F351;PEACH;1;Food & Drink;
🍒;1F352;CHERRIES;1;Food & Drink;
🍓;1F353;STRAWBERRY;1;Food & Drink;
🍔;1F354;HAMBURGER;1;Food & Drink;
🍕;1F355;SLICE OF PIZZA;1;Food & Drink;
🍖;1F356;MEAT ON BONE;1;Food & Drink;
🍗;1F357;POULTRY LEG;1;Food & Drink;
🍘;1F358;RICE CRACKER;1;Food & Drink;
🍙;1F359;RICE BALL;1;Food & Drink;
🍚;1F35A;COOKED RICE;1;Food & Drink;
🍛;1F35B;CURRY AND RICE;1;Food & Drink;
🍜;1F35C;STEAMING BOWL;1;Food & Drink;
🍝;1F35D;SPAGHETTI;1;Food & Drink;
🍞;1F35E;BREAD;1;Food & Drink;
🍟;1F35F;FRENCH FRIES;1;Food & Drink;
🍠;1F360;ROASTED SWEET POTATO;1;Food & Drink;
🍡;1F361;DANGO;1;Food & Drink;
🍢;1F362;ODEN;1;Food & Drink;
🍣;1F363;SUSHI;1;Food & Drink;
🍤;1F364;FRIED SHRIMP;1;Food & Drink;
🍥;1F365;FISH CAKE WITH SWIRL DESIGN;1;Food & Drink;
🍦;1F366;SOFT ICE CREAM;1;Food & Drink;
🍧;1F367;SHAVED ICE;1;Food & Drink;
🍨;1F368;ICE CREAM;1;Food & Drink;
🍩;1F369;DOUGHNUT;1;Food & Drink;
🍪;1F36A;COOKIE;1;Food & Drink;
🍫;1F36B;CHOCOLATE BAR;1;Food & Drink;
🍬;1F36C;CANDY;1;Food & Drink;
🍭;1F36D;LOLLIPOP;1;Food & Drink;
🍮;1F36E;CUSTARD;1;Food & Drink;
🍯;1F36F;HONEY POT;1;Food & Drink;
🍰;1F370;SHORTCAKE;1;Food & Drink;
🍱;1F371;BENTO BOX;1;Food & Drink;
🍲;1F372;POT OF FOOD;1;Food & Drink;
🍳;1F373;COOKING;1;Food & Drink;
🍴;1F374;FORK AND KNIFE;1;Food & Drink;
🍵;1F375;TEACUP WITHOUT HANDLE;1;Food & Drink;
🍶;1F376;SAKE BOTTLE AND CUP;1;Food & Drink;
🍷;1F377;WINE GLASS;1;Food & Drink;
🍸;1F378;COCKTAIL GLASS;1;Food & Drink;
🍹;1F379;TROPICAL DRINK;1;Food & Drink;
🍺;1F37A;BEER MUG;1;Food & Drink;
🍻;1F37B;CLINKING BEER MUGS;1;Food & Drink;
🍼;1F37C;BABY BOTTLE;1;Food & Drink;
🎀;1F380;RIBBON;1;Food & Drink;
🎁;1F381;WRAPPED PRESENT;1;Food & Drink;
🎂;1F382;BIRTHDAY CAKE;1;Food & Drink;
🎃;1F383;JACK-O-LANTERN;1;People;
🎄;1F384;CHRISTMAS TREE;1;People;
🎅;1F385;FATHER CHRISTMAS;1;People;
🎆;1F386;FIREWORKS;1;Travel & Places;
🎇;1F387;FIREWORK SPARKLER;1;Travel & Places;
🎈;1F388;BALLOON;1;Objects;
🎉;1F389;PARTY POPPER;1;Objects;
🎊;1F38A;CONFETTI BALL;1;Objects;
🎋;1F38B;TANABATA TREE;1;Objects;
🎌;1F38C;CROSSED FLAGS;1;Flags;
🎍;1F38D;PINE DECORATION;1;Objects;
🎎;1F38E;JAPANESE DOLLS;1;Objects;
🎏;1F38F;CARP STREAMER;1;Flags;
🎐;1F390;WIND CHIME;1;Objects;
🎑;1F391;MOON VIEWING CEREMONY;1;Objects;
🎒;1F392;SCHOOL SATCHEL;1;Objects;
🎓;1F393;GRADUATION CAP;1;Objects;
🎠;1F3A0;CAROUSEL HORSE;1;Objects;
🎡;1F3A1;FERRIS WHEEL;1;Travel & Places;
🎢;1F3A2;ROLLER COASTER;1;Travel & Places;
🎣;1F3A3;FISHING POLE AND FISH;1;Objects;
🎤;1F3A4;MICROPHONE;1;Objects;
🎥;1F3A5;MOVIE CAMERA;1;Objects;
🎦;1F3A6;CINEMA;1;Objects;
🎧;1F3A7;HEADPHONE;1;Objects;
🎨;1F3A8;ARTIST PALETTE;1;Objects;
🎩;1F3A9;TOP HAT;1;Objects;
🎪;1F3AA;CIRCUS TENT;1;Travel & Places;
🎫;1F3AB;TICKET;1;Objects;
🎬;1F3AC;CLAPPER BOARD;1;Objects;
🎭;1F3AD;PERFORMING ARTS;1;Sports;
🎮;1F3AE;VIDEO GAME;1;Sports;
🎯;1F3AF;DIRECT HIT;1;Sports;
🎰;1F3B0;SLOT MACHINE;1;Sports;
🎱;1F3B1;BILLIARDS;1;Sports;
🎲;1F3B2;GAME DIE;1;Sports;
🎳;1F3B3;BOWLING;1;Sports;
🎴;1F3B4;FLOWER PLAYING CARDS;1;Sports;
🎵;1F3B5;MUSICAL NOTE;1;Sports;
🎶;1F3B6;MULTIPLE MUSICAL NOTES;1;Sports;
🎷;1F3B7;SAXOPHONE;1;Sports;
🎸;1F3B8;GUITAR;1;Sports;
🎹;1F3B9;MUSICAL KEYBOARD;1;Sports;
🎺;1F3BA;TRUMPET;1;Sports;
🎻;1F3BB;VIOLIN;1;Sports;
🎼;1F3BC;MUSICAL SCORE;1;Sports;
🎽;1F3BD;RUNNING SHIRT WITH SASH;1;Sports;
🎾;1F3BE;TENNIS RACQUET AND BALL;1;Sports;
🎿;1F3BF;SKI AND SKI BOOT;1;Sports;
🏀;1F3C0;BASKETBALL AND HOOP;1;Sports;
🏁;1F3C1;CHEQUERED FLAG;1;Flags;
🏂;1F3C2;SNOWBOARDER;1;Sports;
🏃;1F3C3;RUNNER;1;Sports;
🏄;1F3C4;SURFER;1;Sports;
🏆;1F3C6;TROPHY;1;Sports;
🏇;1F3C7;HORSE RACING;1;Sports;
🏈;1F3C8;AMERICAN FOOTBALL;1;Sports;
🏉;1F3C9;RUGBY FOOTBALL;1;Sports;
🏊;1F3CA;SWIMMER;1;Sports;
🏠;1F3E0;HOUSE BUILDING;1;Travel & Places;
🏡;1F3E1;HOUSE WITH GARDEN;1;Travel & Places;
🏢;1F3E2;OFFICE BUILDING;1;Travel & Places;
🏣;1F3E3;JAPANESE POST OFFICE;1;Travel & Places;
🏤;1F3E4;EUROPEAN POST OFFICE;1;Travel & Places;
🏥;1F3E5;HOSPITAL;1;Travel & Places;
🏦;1F3E6;BANK;1;Travel & Places;
🏧;1F3E7;AUTOMATED TELLER MACHINE;1;Travel & Places;
🏨;1F3E8;HOTEL;1;Travel & Places;
🏩;1F3E9;LOVE HOTEL;1;Travel & Places;
🏪;1F3EA;CONVENIENCE STORE;1;Travel & Places;
🏫;1F3EB;SCHOOL;1;Travel & Places;
🏬;1F3EC;DEPARTMENT STORE;1;Travel & Places;
🏭;1F3ED;FACTORY;1;Travel & Places;
🏮;1F3EE;IZAKAYA LANTERN;1;Objects;
🏯;1F3EF;JAPANESE CASTLE;1;Travel & Places;
🏰;1F3F0;EUROPEAN CASTLE;1;Travel & Places;
🏻;1F3FB;EMOJI MODIFIER FITZPATRICK TYPE-1-2;1;Special;
🏼;1F3FC;EMOJI MODIFIER FITZPATRICK TYPE-3;1;Special;
🏽;1F3FD;EMOJI MODIFIER FITZPATRICK TYPE-4;1;Special;
🏾;1F3FE;EMOJI MODIFIER FITZPATRICK TYPE-5;1;Special;
🏿;1F3FF;EMOJI MODIFIER FITZPATRICK TYPE-6;1;Special;
🐀;1F400;RAT;1;Animals & Nature;
🐁;1F401;MOUSE;1;Animals & Nature;
🐂;1F402;OX;1;Animals & Nature;
🐃;1F403;WATER BUFFALO;1;Animals & Nature;
🐄;1F404;COW;1;Animals & Nature;
🐅;1F405;TIGER;1;Animals & Nature;
🐆;1F406;LEOPARD;1;Animals & Nature;
🐇;1F407;RABBIT;1;Animals & Nature;
🐈;1F408;CAT;1;Animals & Nature;
🐉;1F409;DRAGON;1;Animals & Nature;
🐊;1F40A;CROCODILE;1;Animals & Nature;
🐋;1F40B;WHALE;1;Animals & Nature;
🐌;1F40C;SNAIL;1;Animals & Nature;
🐍;1F40D;SNAKE;1;Animals & Nature;
🐎;1F40E;HORSE;1;Animals & Nature;
🐏;1F40F;RAM;1;Animals & Nature;
🐐;1F410;GOAT;1;Animals & Nature;
🐑;1F411;SHEEP;1;Animals & Nature;
🐒;1F412;MONKEY;1;Animals & Nature;
🐓;1F413;ROOSTER;1;Animals & Nature;
🐔;1F414;CHICKEN;1;Animals & Nature;
🐕;1F415;DOG;1;Animals & Nature;
🐖;1F416;PIG;1;Animals & Nature;
🐗;1F417;BOAR;1;Animals & Nature;
🐘;1F418;ELEPHANT;1;Animals & Nature;
🐙;1F419;OCTOPUS;1;Animals & Nature;
🐚;1F41A;SPIRAL SHELL;1;Animals & Nature;
🐛;1F41B;BUG;1;Animals & Nature;
🐜;1F41C;ANT;1;Animals & Nature;
🐝;1F41D;HONEYBEE;1;Animals & Nature;
🐞;1F41E;LADY BEETLE;1;Animals & Nature;
🐟;1F41F;FISH;1;Animals & Nature;
🐠;1F420;TROPICAL FISH;1;Animals & Nature;
🐡;1F421;BLOWFISH;1;Animals & Nature;
🐢;1F422;TURTLE;1;Animals & Nature;
🐣;1F423;HATCHING CHICK;1;Animals & Nature;
🐤;1F424;BABY CHICK;1;Animals & Nature;
🐥;1F425;FRONT-FACING BABY CHICK;1;Animals & Nature;
🐦;1F426;BIRD;1;Animals & Nature;
🐧;1F427;PENGUIN;1;Animals & Nature;
🐨;1F428;KOALA;1;Animals & Nature;
🐩;1F429;POODLE;1;Animals & Nature;
🐪;1F42A;DROMEDARY CAMEL;1;Animals & Nature;
🐫;1F42B;BACTRIAN CAMEL;1;Animals & Nature;
🐬;1F42C;DOLPHIN;1;Animals & Nature;
🐭;1F42D;MOUSE FACE;1;Animals & Nature;
🐮;1F42E;COW FACE;1;Animals & Nature;
🐯;1F42F;TIGER FACE;1;Animals & Nature;
🐰;1F430;RABBIT FACE;1;Animals & Nature;
🐱;1F431;CAT FACE;1;Animals & Nature;
🐲;1F432;DRAGON FACE;1;Animals & Nature;
🐳;1F433;SPOUTING WHALE;1;Animals & Nature;
🐴;1F434;HORSE FACE;1;Animals & Nature;
🐵;1F435;MONKEY FACE;1;Animals & Nature;
🐶;1F436;DOG FACE;1;Animals & Nature;
🐷;1F437;PIG FACE;1;Animals & Nature;
🐸;1F438;FROG FACE;1;Animals & Nature;
🐹;1F439;HAMSTER FACE;1;Animals & Nature;
🐺;1F43A;WOLF FACE;1;Animals & Nature;
🐻;1F43B;BEAR FACE;1;Animals & Nature;
🐼;1F43C;PANDA FACE;1;Animals & Nature;
🐽;1F43D;PIG NOSE;1;Animals & Nature;
🐾;1F43E;PAW PRINTS;1;Animals & Nature;
👀;1F440;EYES;1;Body;
👂;1F442;EAR;1;Body;
👃;1F443;NOSE;1;Body;
👄;1F444;MOUTH;1;Body;
👅;1F445;TONGUE;1;Body;
👆;1F446;WHITE UP POINTING BACKHAND INDEX;1;Body;
👇;1F447;WHITE DOWN POINTING BACKHAND INDEX;1;Body;
👈;1F448;WHITE LEFT POINTING BACKHAND INDEX;1;Body;
👉;1F449;WHITE RIGHT POINTING BACKHAND INDEX;1;Body;
👊;1F44A;FISTED HAND SIGN;1;Body;
👋;1F44B;WAVING HAND SIGN;1;Body;
👌;1F44C;OK HAND SIGN;1;Body;
👍;1F44D;THUMBS UP SIGN;1;Body;
👎;1F44E;THUMBS DOWN SIGN;1;Body;
👏;1F44F;CLAPPING HANDS SIGN;1;Body;
👐;1F450;OPEN HANDS SIGN;1;Body;
👑;1F451;CROWN;1;Objects;
👒;1F452;WOMANS HAT;1;Objects;
👓;1F453;EYEGLASSES;1;Objects;
👔;1F454;NECKTIE;1;Objects;
👕;1F455;T-SHIRT;1;Objects;
👖;1F456;JEANS;1;Objects;
👗;1F457;DRESS;1;Objects;
👘;1F458;KIMONO;1;Objects;
👙;1F459;BIKINI;1;Objects;
👚;1F45A;WOMANS CLOTHES;1;Objects;
👛;1F45B;PURSE;1;Objects;
👜;1F45C;HANDBAG;1;Objects;
👝;1F45D;POUCH;1;Objects;
👞;1F45E;MANS SHOE;1;Objects;
👟;1F45F;ATHLETIC SHOE;1;Objects;
👠;1F460;HIGH-HEELED SHOE;1;Objects;
👡;1F461;WOMANS SANDAL;1;Objects;
👢;1F462;WOMANS BOOTS;1;Objects;
👣;1F463;FOOTPRINTS;1;Body;
👤;1F464;BUST IN SILHOUETTE;1;People;
👥;1F465;BUSTS IN SILHOUETTE;1;People;
👦;1F466;BOY;1;People;
👧;1F467;GIRL;1;People;
👨;1F468;MAN;1;People;
👩;1F469;WOMAN;1;People;
👪;1F46A;FAMILY;1;People;
👫;1F46B;MAN AND WOMAN HOLDING HANDS;1;People;
👬;1F46C;TWO MEN HOLDING HANDS;1;People;
👭;1F46D;TWO WOMEN HOLDING HANDS;1;People;
👮;1F46E;POLICE OFFICER;1;People;
👯;1F46F;WOMAN WITH BUNNY EARS;1;People;
👰;1F470;BRIDE WITH VEIL;1;People;
👱;1F471;PERSON WITH BLOND HAIR;1;People;
👲;1F472;MAN WITH GUA PI MAO;1;People;
👳;1F473;MAN WITH TURBAN;1;People;
👴;1F474;OLDER MAN;1;People;
👵;1F475;OLDER WOMAN;1;People;
👶;1F476;BABY;1;People;
👷;1F477;CONSTRUCTION WORKER;1;People;
👸;1F478;PRINCESS;1;People;
👹;1F479;JAPANESE OGRE;1;People;
👺;1F47A;JAPANESE GOBLIN;1;People;
👻;1F47B;GHOST;1;People;
👼;1F47C;BABY ANGEL;1;People;
👽;1F47D;EXTRATERRESTRIAL ALIEN;1;People;
👾;1F47E;ALIEN MONSTER;1;People;
👿;1F47F;IMP;1;People;
💀;1F480;SKULL;1;People;
💁;1F481;INFORMATION DESK PERSON;1;People;
💂;1F482;GUARDSMAN;1;People;
💃;1F483;DANCER;1;Sports;
💄;1F484;LIPSTICK;1;Objects;
💅;1F485;NAIL POLISH;1;Objects;
💆;1F486;FACE MASSAGE;1;People;
💇;1F487;HAIRCUT;1;People;
💈;1F488;BARBER POLE;1;Objects;
💉;1F489;SYRINGE;1;Objects;
💊;1F48A;PILL;1;Objects;
💋;1F48B;KISS MARK;1;Objects;
💌;1F48C;LOVE LETTER;1;Objects;
💍;1F48D;RING;1;Objects;
💎;1F48E;GEM STONE;1;Objects;
💏;1F48F;KISS;1;People;
💐;1F490;BOUQUET;1;Objects;
💑;1F491;COUPLE WITH HEART;1;People;
💒;1F492;WEDDING;1;Travel & Places;
💓;1F493;BEATING HEART;1;Symbols;
💔;1F494;BROKEN HEART;1;Symbols;
💕;1F495;TWO HEARTS;1;Symbols;
💖;1F496;SPARKLING HEART;1;Symbols;
💗;1F497;GROWING HEART;1;Symbols;
💘;1F498;HEART WITH ARROW;1;Symbols;
💙;1F499;BLUE HEART;1;Symbols;
💚;1F49A;GREEN HEART;1;Symbols;
💛;1F49B;YELLOW HEART;1;Symbols;
💜;1F49C;PURPLE HEART;1;Symbols;
💝;1F49D;HEART WITH RIBBON;1;Symbols;
💞;1F49E;REVOLVING HEARTS;1;Symbols;
💟;1F49F;HEART DECORATION;1;Symbols;
💠;1F4A0;DIAMOND SHAPE WITH A DOT INSIDE;1;Symbols;
💡;1F4A1;ELECTRIC LIGHT BULB;1;Objects;
💢;1F4A2;ANGER SYMBOL;1;Symbols;
💣;1F4A3;BOMB;1;Objects;
💤;1F4A4;SLEEPING SYMBOL;1;People;
💥;1F4A5;COLLISION SYMBOL;1;Symbols;
💦;1F4A6;SPLASHING SWEAT SYMBOL;1;Animals & Nature;
💧;1F4A7;DROPLET;1;Animals & Nature;
💨;1F4A8;DASH SYMBOL;1;Animals & Nature;
💩;1F4A9;PILE OF POO;1;People;
💪;1F4AA;FLEXED BICEPS;1;Sports;
💫;1F4AB;DIZZY SYMBOL;1;Symbols;
💬;1F4AC;SPEECH BALLOON;1;Symbols;
💭;1F4AD;THOUGHT BALLOON;1;Symbols;
💮;1F4AE;WHITE FLOWER;1;Symbols;
💯;1F4AF;HUNDRED POINTS SYMBOL;1;Symbols;
💰;1F4B0;MONEY BAG;1;Symbols;
💱;1F4B1;CURRENCY EXCHANGE;1;Symbols;
💲;1F4B2;HEAVY DOLLAR SIGN;1;Symbols;
💳;1F4B3;CREDIT CARD;1;Objects;
💴;1F4B4;BANKNOTE WITH YEN SIGN;1;Objects;
💵;1F4B5;BANKNOTE WITH DOLLAR SIGN;1;Objects;
💶;1F4B6;BANKNOTE WITH EURO SIGN;1;Objects;
💷;1F4B7;BANKNOTE WITH POUND SIGN;1;Objects;
💸;1F4B8;MONEY WITH WINGS;1;Objects;
💹;1F4B9;CHART WITH UPWARDS TREND AND YEN SIGN;1;Objects;
💺;1F4BA;SEAT;1;Objects;
💻;1F4BB;PERSONAL COMPUTER;1;Objects;
💼;1F4BC;BRIEFCASE;1;Objects;
💽;1F4BD;MINIDISC;1;Objects;
💾;1F4BE;FLOPPY DISK;1;Objects;
💿;1F4BF;OPTICAL DISC;1;Objects;
📀;1F4C0;DVD;1;Objects;
📁;1F4C1;FILE FOLDER;1;Objects;
📂;1F4C2;OPEN FILE FOLDER;1;Objects;
📃;1F4C3;PAGE WITH CURL;1;Objects;
📄;1F4C4;PAGE FACING UP;1;Objects;
📅;1F4C5;CALENDAR;1;Objects;
📆;1F4C6;TEAR-OFF CALENDAR;1;Objects;
📇;1F4C7;CARD INDEX;1;Objects;
📈;1F4C8;CHART WITH UPWARDS TREND;1;Objects;
📉;1F4C9;CHART WITH DOWNWARDS TREND;1;Objects;
📊;1F4CA;BAR CHART;1;Objects;
📋;1F4CB;CLIPBOARD;1;Objects;
📌;1F4CC;PUSHPIN;1;Objects;
📍;1F4CD;ROUND PUSHPIN;1;Objects;
📎;1F4CE;PAPERCLIP;1;Objects;
📏;1F4CF;STRAIGHT RULER;1;Objects;
📐;1F4D0;TRIANGULAR RULER;1;Objects;
📑;1F4D1;BOOKMARK TABS;1;Objects;
📒;1F4D2;LEDGER;1;Objects;
📓;1F4D3;NOTEBOOK;1;Objects;
📔;1F4D4;NOTEBOOK WITH DECORATIVE COVER;1;Objects;
📕;1F4D5;CLOSED BOOK;1;Objects;
📖;1F4D6;OPEN BOOK;1;Objects;
📗;1F4D7;GREEN BOOK;1;Objects;
📘;1F4D8;BLUE BOOK;1;Objects;
📙;1F4D9;ORANGE BOOK;1;Objects;
📚;1F4DA;BOOKS;1;Objects;
📛;1F4DB;NAME BADGE;1;Objects;
📜;1F4DC;SCROLL;1;Objects;
📝;1F4DD;MEMO;1;Objects;
📞;1F4DE;TELEPHONE RECEIVER;1;Objects;
📟;1F4DF;PAGER;1;Objects;
📠;1F4E0;FAX MACHINE;1;Objects;
📡;1F4E1;SATELLITE ANTENNA;1;Objects;
📢;1F4E2;PUBLIC ADDRESS LOUDSPEAKER;1;Objects;
📣;1F4E3;CHEERING MEGAPHONE;1;Objects;
📤;1F4E4;OUTBOX TRAY;1;Objects;
📥;1F4E5;INBOX TRAY;1;Objects;
📦;1F4E6;PACKAGE;1;Objects;
📧;1F4E7;E-MAIL SYMBOL;1;Objects;
📨;1F4E8;INCOMING ENVELOPE;1;Objects;
📩;1F4E9;ENVELOPE WITH DOWNWARDS ARROW ABOVE;1;Objects;
📪;1F4EA;CLOSED MAILBOX WITH LOWERED FLAG;1;Objects;
📫;1F4EB;CLOSED MAILBOX WITH RAISED FLAG;1;Objects;
📬;1F4EC;OPEN MAILBOX WITH RAISED FLAG;1;Objects;
📭;1F4ED;OPEN MAILBOX WITH LOWERED FLAG;1;Objects;
📮;1F4EE;POSTBOX;1;Objects;
📯;1F4EF;POSTAL HORN;1;Objects;
📰;1F4F0;NEWSPAPER;1;Objects;
📱;1F4F1;MOBILE PHONE;1;Objects;
📲;1F4F2;MOBILE PHONE WITH RIGHTWARDS ARROW AT LEFT;1;Objects;
📳;1F4F3;VIBRATION MODE;1;Objects;
📴;1F4F4;MOBILE PHONE OFF;1;Objects;
📵;1F4F5;NO MOBILE PHONES;1;Objects;
📶;1F4F6;ANTENNA WITH BARS;1;Objects;
📷;1F4F7;CAMERA;1;Objects;
📹;1F4F9;VIDEO CAMERA;1;Objects;
📺;1F4FA;TELEVISION;1;Objects;
📻;1F4FB;RADIO;1;Objects;
📼;1F4FC;VIDEOCASSETTE;1;Objects;
🔀;1F500;TWISTED RIGHTWARDS ARROWS;1;Symbols;
🔁;1F501;CLOCKWISE RIGHTWARDS AND LEFTWARDS OPEN CIRCLE ARROWS;1;Symbols;
🔂;1F502;CLOCKWISE RIGHTWARDS AND LEFTWARDS OPEN CIRCLE ARROWS WITH CIRCLED ONE OVERLAY;1;Symbols;
🔃;1F503;CLOCKWISE DOWNWARDS AND UPWARDS OPEN CIRCLE ARROWS;1;Symbols;
🔄;1F504;ANTICLOCKWISE DOWNWARDS AND UPWARDS OPEN CIRCLE ARROWS;1;Symbols;
🔅;1F505;LOW BRIGHTNESS SYMBOL;1;Symbols;
🔆;1F506;HIGH BRIGHTNESS SYMBOL;1;Symbols;
🔇;1F507;SPEAKER WITH CANCELLATION STROKE;1;Symbols;
🔈;1F508;SPEAKER;1;Symbols;
🔉;1F509;SPEAKER WITH ONE SOUND WAVE;1;Symbols;
🔊;1F50A;SPEAKER WITH THREE SOUND WAVES;1;Symbols;
🔋;1F50B;BATTERY;1;Objects;
🔌;1F50C;ELECTRIC PLUG;1;Objects;
🔍;1F50D;LEFT-POINTING MAGNIFYING GLASS;1;Objects;
🔎;1F50E;RIGHT-POINTING MAGNIFYING GLASS;1;Objects;
🔏;1F50F;LOCK WITH INK PEN;1;Objects;
🔐;1F510;CLOSED LOCK WITH KEY;1;Objects;
🔑;1F511;KEY;1;Objects;
🔒;1F512;LOCK;1;Objects;
🔓;1F513;OPEN LOCK;1;Objects;
🔔;1F514;BELL;1;Objects;
🔕;1F515;BELL WITH CANCELLATION STROKE;1;Symbols;
🔖;1F516;BOOKMARK;1;Objects;
🔗;1F517;LINK SYMBOL;1;Symbols;
🔘;1F518;RADIO BUTTON;1;Symbols;
🔙;1F519;BACK WITH LEFTWARDS ARROW ABOVE;1;Symbols;
🔚;1F51A;END WITH LEFTWARDS ARROW ABOVE;1;Symbols;
🔛;1F51B;ON WITH EXCLAMATION MARK WITH LEFT RIGHT ARROW ABOVE;1;Symbols;
🔜;1F51C;SOON WITH RIGHTWARDS ARROW ABOVE;1;Symbols;
🔝;1F51D;TOP WITH UPWARDS ARROW ABOVE;1;Symbols;
🔞;1F51E;NO ONE UNDER EIGHTEEN SYMBOL;1;Symbols;
🔟;1F51F;KEYCAP TEN;1;Symbols;
🔠;1F520;INPUT SYMBOL FOR LATIN CAPITAL LETTERS;1;Symbols;
🔡;1F521;INPUT SYMBOL FOR LATIN SMALL LETTERS;1;Symbols;
🔢;1F522;INPUT SYMBOL FOR NUMBERS;1;Symbols;
🔣;1F523;INPUT SYMBOL FOR SYMBOLS;1;Symbols;
🔤;1F524;INPUT SYMBOL FOR LATIN LETTERS;1;Symbols;
🔥;1F525;FIRE;1;Animals & Nature;
🔦;1F526;ELECTRIC TORCH;1;Objects;
🔧;1F527;WRENCH;1;Objects;
🔨;1F528;HAMMER;1;Objects;
🔩;1F529;NUT AND BOLT;1;Objects;
🔪;1F52A;HOCHO;1;Objects;
🔫;1F52B;PISTOL;1;Objects;
🔬;1F52C;MICROSCOPE;1;Objects;
🔭;1F52D;TELESCOPE;1;Objects;
🔮;1F52E;CRYSTAL BALL;1;Objects;
🔯;1F52F;SIX POINTED STAR WITH MIDDLE DOT;1;Symbols;
🔰;1F530;JAPANESE SYMBOL FOR BEGINNER;1;Symbols;
🔱;1F531;TRIDENT EMBLEM;1;Symbols;
🔲;1F532;BLACK SQUARE BUTTON;1;Symbols;
🔳;1F533;WHITE SQUARE BUTTON;1;Symbols;
🔴;1F534;LARGE RED CIRCLE;1;Symbols;
🔵;1F535;LARGE BLUE CIRCLE;1;Symbols;
🔶;1F536;LARGE ORANGE DIAMOND;1;Symbols;
🔷;1F537;LARGE BLUE DIAMOND;1;Symbols;
🔸;1F538;SMALL ORANGE DIAMOND;1;Symbols;
🔹;1F539;SMALL BLUE DIAMOND;1;Symbols;
🔺;1F53A;UP-POINTING RED TRIANGLE;1;Symbols;
🔻;1F53B;DOWN-POINTING RED TRIANGLE;1;Symbols;
🔼;1F53C;UP-POINTING SMALL RED TRIANGLE;1;Symbols;
🔽;1F53D;DOWN-POINTING SMALL RED TRIANGLE;1;Symbols;
🕐;1F550;CLOCK FACE ONE OCLOCK;1;Symbols;
🕑;1F551;CLOCK FACE TWO OCLOCK;1;Symbols;
🕒;1F552;CLOCK FACE THREE OCLOCK;1;Symbols;
🕓;1F553;CLOCK FACE FOUR OCLOCK;1;Symbols;
🕔;1F554;CLOCK FACE FIVE OCLOCK;1;Symbols;
🕕;1F555;CLOCK FACE SIX OCLOCK;1;Symbols;
🕖;1F556;CLOCK FACE SEVEN OCLOCK;1;Symbols;
🕗;1F557;CLOCK FACE EIGHT OCLOCK;1;Symbols;
🕘;1F558;CLOCK FACE NINE OCLOCK;1;Symbols;
🕙;1F559;CLOCK FACE TEN OCLOCK;1;Symbols;
🕚;1F55A;CLOCK FACE ELEVEN OCLOCK;1;Symbols;
🕛;1F55B;CLOCK FACE TWELVE OCLOCK;1;Symbols;
🕜;1F55C;CLOCK FACE ONE-THIRTY;1;Symbols;
🕝;1F55D;CLOCK FACE TWO-THIRTY;1;Symbols;
🕞;1F55E;CLOCK FACE THREE-THIRTY;1;Symbols;
🕟;1F55F;CLOCK FACE FOUR-THIRTY;1;Symbols;
🕠;1F560;CLOCK FACE FIVE-THIRTY;1;Symbols;
🕡;1F561;CLOCK FACE SIX-THIRTY;1;Symbols;
🕢;1F562;CLOCK FACE SEVEN-THIRTY;1;Symbols;
🕣;1F563;CLOCK FACE EIGHT-THIRTY;1;Symbols;
🕤;1F564;CLOCK FACE NINE-THIRTY;1;Symbols;
🕥;1F565;CLOCK FACE TEN-THIRTY;1;Symbols;
🕦;1F566;CLOCK FACE ELEVEN-THIRTY;1;Symbols;
🕧;1F567;CLOCK FACE TWELVE-THIRTY;1;Symbols;
🖐;1F590;RAISED HAND WITH FINGERS SPLAYED;1;Body;
🖕;1F595;REVERSED HAND WITH MIDDLE FINGER EXTENDED;1;Body;
🖖;1F596;RAISED HAND WITH PART BETWEEN MIDDLE AND RING FINGERS;1;Body;
🗻;1F5FB;MOUNT FUJI;1;Travel & Places;
🗼;1F5FC;TOKYO TOWER;1;Travel & Places;
🗽;1F5FD;STATUE OF LIBERTY;1;Travel & Places;
🗾;1F5FE;SILHOUETTE OF JAPAN;1;Travel & Places;
🗿;1F5FF;MOYAI;1;Travel & Places;
😀;1F600;GRINNING FACE;1;Smileys;
😁;1F601;GRINNING FACE WITH SMILING EYES;1;Smileys;
😂;1F602;FACE WITH TEARS OF JOY;1;Smileys;
😃;1F603;SMILING FACE WITH OPEN MOUTH;1;Smileys;
😄;1F604;SMILING FACE WITH OPEN MOUTH AND SMILING EYES;1;Smileys;
😅;1F605;SMILING FACE WITH OPEN MOUTH AND COLD SWEAT;1;Smileys;
😆;1F606;SMILING FACE WITH OPEN MOUTH AND TIGHTLY-CLOSED EYES;1;Smileys;
😇;1F607;SMILING FACE WITH HALO;1;Smileys;
😈;1F608;SMILING FACE WITH HORNS;1;Smileys;
😉;1F609;WINKING FACE;1;Smileys;
😊;1F60A;SMILING FACE WITH SMILING EYES;1;Smileys;
😋;1F60B;FACE SAVOURING DELICIOUS FOOD;1;Smileys;
😌;1F60C;RELIEVED FACE;1;Smileys;
😍;1F60D;SMILING FACE WITH HEART-SHAPED EYES;1;Smileys;
😎;1F60E;SMILING FACE WITH SUNGLASSES;1;Smileys;
😏;1F60F;SMIRKING FACE;1;Smileys;
😐;1F610;NEUTRAL FACE;1;Smileys;
😑;1F611;EXPRESSIONLESS FACE;1;Smileys;
😒;1F612;UNAMUSED FACE;1;Smileys;
😓;1F613;FACE WITH COLD SWEAT;1;Smileys;
😔;1F614;PENSIVE FACE;1;Smileys;
😕;1F615;CONFUSED FACE;1;Smileys;
😖;1F616;CONFOUNDED FACE;1;Smileys;
😗;1F617;KISSING FACE;1;Smileys;
😘;1F618;FACE THROWING A KISS;1;Smileys;
😙;1F619;KISSING FACE WITH SMILING EYES;1;Smileys;
😚;1F61A;KISSING FACE WITH CLOSED EYES;1;Smileys;
😛;1F61B;FACE WITH STUCK-OUT TONGUE;1;Smileys;
😜;1F61C;FACE WITH STUCK-OUT TONGUE AND WINKING EYE;1;Smileys;
😝;1F61D;FACE WITH STUCK-OUT TONGUE AND TIGHTLY-CLOSED EYES;1;Smileys;
😞;1F61E;DISAPPOINTED FACE;1;Smileys;
😟;1F61F;WORRIED FACE;1;Smileys;
😠;1F620;ANGRY FACE;1;Smileys;
😡;1F621;POUTING FACE;1;Smileys;
😢;1F622;CRYING FACE;1;Smileys;
😣;1F623;PERSEVERING FACE;1;Smileys;
😤;1F624;FACE WITH LOOK OF TRIUMPH;1;Smileys;
😥;1F625;DISAPPOINTED BUT RELIEVED FACE;1;Smileys;
😦;1F626;FROWNING FACE WITH OPEN MOUTH;1;Smileys;
😧;1F627;ANGUISHED FACE;1;Smileys;
😨;1F628;FEARFUL FACE;1;Smileys;
😩;1F629;WEARY FACE;1;Smileys;
😪;1F62A;SLEEPY FACE;1;Smileys;
😫;1F62B;TIRED FACE;1;Smileys;
😬;1F62C;GRIMACING FACE;1;Smileys;
😭;1F62D;LOUDLY CRYING FACE;1;Smileys;
😮;1F62E;FACE WITH OPEN MOUTH;1;Smileys;
😯;1F62F;HUSHED FACE;1;Smileys;
😰;1F630;FACE WITH OPEN MOUTH AND COLD SWEAT;1;Smileys;
😱;1F631;FACE SCREAMING IN FEAR;1;Smileys;
😲;1F632;ASTONISHED FACE;1;Smileys;
😳;1F633;FLUSHED FACE;1;Smileys;
😴;1F634;SLEEPING FACE;1;Smileys;
😵;1F635;DIZZY FACE;1;Smileys;
😶;1F636;FACE WITHOUT MOUTH;1;Smileys;
😷;1F637;FACE WITH MEDICAL MASK;1;Smileys;
😸;1F638;GRINNING CAT FACE WITH SMILING EYES;1;Smileys;
😹;1F639;CAT FACE WITH TEARS OF JOY;1;Smileys;
😺;1F63A;SMILING CAT FACE WITH OPEN MOUTH;1;Smileys;
😻;1F63B;SMILING CAT FACE WITH HEART-SHAPED EYES;1;Smileys;
😼;1F63C;CAT FACE WITH WRY SMILE;1;Smileys;
😽;1F63D;KISSING CAT FACE WITH CLOSED EYES;1;Smileys;
😾;1F63E;POUTING CAT FACE;1;Smileys;
😿;1F63F;CRYING CAT FACE;1;Smileys;
🙀;1F640;WEARY CAT FACE;1;Smileys;
🙁;1F641;SLIGHTLY FROWNING FACE;1;Smileys;
🙂;1F642;SLIGHTLY SMILING FACE;1;Smileys;
🙅;1F645;FACE WITH NO GOOD GESTURE;1;Smileys;
🙆;1F646;FACE WITH OK GESTURE;1;Smileys;
🙇;1F647;PERSON BOWING DEEPLY;1;Smileys;
🙈;1F648;SEE-NO-EVIL MONKEY;1;Smileys;
🙉;1F649;HEAR-NO-EVIL MONKEY;1;Smileys;
🙊;1F64A;SPEAK-NO-EVIL MONKEY;1;Smileys;
🙋;1F64B;HAPPY PERSON RAISING ONE HAND;1;People;
🙌;1F64C;PERSON RAISING BOTH HANDS IN CELEBRATION;1;Body;
🙍;1F64D;PERSON FROWNING;1;People;
🙎;1F64E;PERSON WITH POUTING FACE;1;People;
🙏;1F64F;PERSON WITH FOLDED HANDS;1;Body;
🚀;1F680;ROCKET;1;Travel & Places;
🚁;1F681;HELICOPTER;1;Travel & Places;
🚂;1F682;STEAM LOCOMOTIVE;1;Travel & Places;
🚃;1F683;RAILWAY CAR;1;Travel & Places;
🚄;1F684;HIGH-SPEED TRAIN;1;Travel & Places;
🚅;1F685;HIGH-SPEED TRAIN WITH BULLET NOSE;1;Travel & Places;
🚆;1F686;TRAIN;1;Travel & Places;
🚇;1F687;METRO;1;Travel & Places;
🚈;1F688;LIGHT RAIL;1;Travel & Places;
🚉;1F689;STATION;1;Travel & Places;
🚊;1F68A;TRAM;1;Travel & Places;
🚋;1F68B;TRAM CAR;1;Travel & Places;
🚌;1F68C;BUS;1;Travel & Places;
🚍;1F68D;ONCOMING BUS;1;Travel & Places;
🚎;1F68E;TROLLEYBUS;1;Travel & Places;
🚏;1F68F;BUS STOP;1;Travel & Places;
🚐;1F690;MINIBUS;1;Travel & Places;
🚑;1F691;AMBULANCE;1;Travel & Places;
🚒;1F692;FIRE ENGINE;1;Travel & Places;
🚓;1F693;POLICE CAR;1;Travel & Places;
🚔;1F694;ONCOMING POLICE CAR;1;Travel & Places;
🚕;1F695;TAXI;1;Travel & Places;
🚖;1F696;ONCOMING TAXI;1;Travel & Places;
🚗;1F697;AUTOMOBILE;1;Travel & Places;
🚘;1F698;ONCOMING AUTOMOBILE;1;Travel & Places;
🚙;1F699;RECREATIONAL VEHICLE;1;Travel & Places;
🚚;1F69A;DELIVERY TRUCK;1;Travel & Places;
🚛;1F69B;ARTICULATED LORRY;1;Travel & Places;
🚜;1F69C;TRACTOR;1;Travel & Places;
🚝;1F69D;MONORAIL;1;Travel & Places;
🚞;1F69E;MOUNTAIN RAILWAY;1;Travel & Places;
🚟;1F69F;SUSPENSION RAILWAY;1;Travel & Places;
🚠;1F6A0;MOUNTAIN CABLEWAY;1;Travel & Places;
🚡;1F6A1;AERIAL TRAMWAY;1;Travel & Places;
🚢;1F6A2;SHIP;1;Travel & Places;
🚣;1F6A3;ROWBOAT;1;Travel & Places;
🚤;1F6A4;SPEEDBOAT;1;Travel & Places;
🚥;1F6A5;HORIZONTAL TRAFFIC LIGHT;1;Travel & Places;
🚦;1F6A6;VERTICAL TRAFFIC LIGHT;1;Travel & Places;
🚧;1F6A7;CONSTRUCTION SIGN;1;Symbols;
🚨;1F6A8;POLICE CARS REVOLVING LIGHT;1;Symbols;
🚩;1F6A9;TRIANGULAR FLAG ON POST;1;Flags;
🚪;1F6AA;DOOR;1;Objects;
🚫;1F6AB;NO ENTRY SIGN;1;Symbols;
🚬;1F6AC;SMOKING SYMBOL;1;Symbols;
🚭;1F6AD;NO SMOKING SYMBOL;1;Symbols;
🚮;1F6AE;PUT LITTER IN ITS PLACE SYMBOL;1;Symbols;
🚯;1F6AF;DO NOT LITTER SYMBOL;1;Symbols;
🚰;1F6B0;POTABLE WATER SYMBOL;1;Symbols;
🚱;1F6B1;NON-POTABLE WATER SYMBOL;1;Symbols;
🚲;1F6B2;BICYCLE;1;Objects;
🚳;1F6B3;NO BICYCLES;1;Symbols;
🚴;1F6B4;BICYCLIST;1;Sports;
🚵;1F6B5;MOUNTAIN BICYCLIST;1;Sports;
🚶;1F6B6;PEDESTRIAN;1;Sports;
🚷;1F6B7;NO PEDESTRIANS;1;Symbols;
🚸;1F6B8;CHILDREN CROSSING;1;Symbols;
🚹;1F6B9;MENS SYMBOL;1;Symbols;
🚺;1F6BA;WOMENS SYMBOL;1;Symbols;
🚻;1F6BB;RESTROOM;1;Symbols;
🚼;1F6BC;BABY SYMBOL;1;Symbols;
🚽;1F6BD;TOILET;1;Objects;
🚾;1F6BE;WATER CLOSET;1;Symbols;
🚿;1F6BF;SHOWER;1;Objects;
🛀;1F6C0;BATH;1;Objects;
🛁;1F6C1;BATHTUB;1;Objects;
🛂;1F6C2;PASSPORT CONTROL;1;Symbols;
🛃;1F6C3;CUSTOMS;1;Symbols;
🛄;1F6C4;BAGGAGE CLAIM;1;Symbols;
🛅;1F6C5;LEFT LUGGAGE;1;Symbols;
